Workbook

Sheet Comments_Output
A1: Sheet Name | B1: Cell Address | C1: Comment | D1: Name | E1: type | F1: Comment Content | G1: isSector | H1: isOpen | I1: otherType | J1: comment2 | K1: finalType | L1: Content Only | Q1: יהודים בלבד | R1: ליהודים בלבד | T1: ערבים בלבד | U1: לערבים בלבד | W1: שאלה פתוחה | X1: פתוח | Z1: לנשים בלבד
A2: דמוגרפיה | B2: $L$3 | C2: יניב שפירא: 1 = ינואר 2 = פברואר | E2: scale | F2: יניב שפירא: 1 = ינואר 2 = פברואר | G2: =IF(EXACT($F2, $Q$1), "sector", "unknown") -> unknown | H2: =IF(EXACT(F2,$W$1), "open", IF(EXACT(F2,$X$1), "open", "unknown")) -> unknown | K2: =IF(AND(E2<>"", E2<>"unknown"), E2, IF(AND(G2<>"", G2<>"unknown"), G2, IF(AND(H2<>"", H2<>"unknown"), H2, IF(I2<>"", I2, "ERROR")))) -> scale
A3: דמוגרפיה | B3: $A$5 | C3: יניב שפירא: שאלה 145 אין קידוד בstata גם ב2020 וגם ב2019 גם ב2021 | E3: scale | F3: יניב שפירא: שאלה 145 אין קידוד בstata גם ב2020 וגם ב2019 גם ב2021 | G3: =IF(EXACT($F3, $Q$1), "sector", "unknown") -> unknown | H3: =IF(EXACT(F3,$W$1), "open", IF(EXACT(F3,$X$1), "open", "unknown")) -> unknown | K3: =IF(AND(E3<>"", E3<>"unknown"), E3, IF(AND(G3<>"", G3<>"unknown"), G3, IF(AND(H3<>"", H3<>"unknown"), H3, IF(I3<>"", I3, "ERROR")))) -> scale
A4: דמוגרפיה | B4: $D$6 | C4: יניב שפירא: 1 = יהודי 2 = ערבי | E4: scale | F4: יניב שפירא: 1 = יהודי 2 = ערבי | G4: =IF(EXACT($F4, $Q$1), "sector", "unknown") -> unknown | H4: =IF(EXACT(F4,$W$1), "open", IF(EXACT(F4,$X$1), "open", "unknown")) -> unknown | K4: =IF(AND(E4<>"", E4<>"unknown"), E4, IF(AND(G4<>"", G4<>"unknown"), G4, IF(AND(H4<>"", H4<>"unknown"), H4, IF(I4<>"", I4, "ERROR")))) -> scale
A5: דמוגרפיה | B5: $F$8 | C5: יניב שפירא: 1 = גרסה A 2 = גרסה B | E5: scale | F5: יניב שפירא: 1 = גרסה A 2 = גרסה B | G5: =IF(EXACT($F5, $Q$1), "sector", "unknown") -> unknown | H5: =IF(EXACT(F5,$W$1), "open", IF(EXACT(F5,$X$1), "open", "unknown")) -> unknown | K5: =IF(AND(E5<>"", E5<>"unknown"), E5, IF(AND(G5<>"", G5<>"unknown"), G5, IF(AND(H5<>"", H5<>"unknown"), H5, IF(I5<>"", I5, "ERROR")))) -> scale
A6: דמוגרפיה | B6: $I$8 | C6: יניב שפירא: a , b, c | D6: יניב שפירא | E6: scale | F6: a , b, c | G6: =IF(EXACT($F6, $Q$1), "sector", "unknown") -> unknown | H6: =IF(EXACT(F6,$W$1), "open", IF(EXACT(F6,$X$1), "open", "unknown")) -> unknown | K6: =IF(AND(E6<>"", E6<>"unknown"), E6, IF(AND(G6<>"", G6<>"unknown"), G6, IF(AND(H6<>"", H6<>"unknown"), H6, IF(I6<>"", I6, "ERROR")))) -> scale
A7: דמוגרפיה | B7: $L$9 | C7: יניב שפירא: 1 = עברית 2 = ערבית 3 = רוסית | E7: scale | F7: יניב שפירא: 1 = עברית 2 = ערבית 3 = רוסית | G7: =IF(EXACT($F7, $Q$1), "sector", "unknown") -> unknown | H7: =IF(EXACT(F7,$W$1), "open", IF(EXACT(F7,$X$1), "open", "unknown")) -> unknown | K7: =IF(AND(E7<>"", E7<>"unknown"), E7, IF(AND(G7<>"", G7<>"unknown"), G7, IF(AND(H7<>"", H7<>"unknown"), H7, IF(I7<>"", I7, "ERROR")))) -> scale
A8: דמוגרפיה | B8: $W$10 | C8: יניב שפירא: 1 = 20-25 2 = 25-29 3 = 30-34 4 = 35-39 5 = 40-44 6 = 45-49 7 = 50-54 8 = 55-64 9 = 65+ | E8: scale | F8: יניב שפירא: 1 = 20-25 2 = 25-29 3 = 30-34 4 = 35-39 5 = 40-44 6 = 45-49 7 = 50-54 8 = 55-64 9 = 65+ | G8: =IF(EXACT($F8, $Q$1), "sector", "unknown") -> unknown | H8: =IF(EXACT(F8,$W$1), "open", IF(EXACT(F8,$X$1), "open", "unknown")) -> unknown | K8: =IF(AND(E8<>"", E8<>"unknown"), E8, IF(AND(G8<>"", G8<>"unknown"), G8, IF(AND(H8<>"", H8<>"unknown"), H8, IF(I8<>"", I8, "ERROR")))) -> scale
A9: דמוגרפיה | B9: $AB$10 | C9: יניב שפירא: 1 = 20-24 2 = 25-29 3 = 30-34 4 = 35-39 5 = 40-44 6 = 45-49 7 = 50-54 8 = 55-64 9 = 65+ | E9: scale | F9: יניב שפירא: 1 = 20-24 2 = 25-29 3 = 30-34 4 = 35-39 5 = 40-44 6 = 45-49 7 = 50-54 8 = 55-64 9 = 65+ | G9: =IF(EXACT($F9, $Q$1), "sector", "unknown") -> unknown | H9: =IF(EXACT(F9,$W$1), "open", IF(EXACT(F9,$X$1), "open", "unknown")) -> unknown | K9: =IF(AND(E9<>"", E9<>"unknown"), E9, IF(AND(G9<>"", G9<>"unknown"), G9, IF(AND(H9<>"", H9<>"unknown"), H9, IF(I9<>"", I9, "ERROR")))) -> scale
A10: דמוגרפיה | B10: $AH$10 | C10: יניב שפירא: 1 = 18-24 2 = 25-29 3 = 30-34 4 = 35-39 5 = 40-44 6 = 45-49 7 = 50-54 8 = 55-64 9 = 65+ | E10: scale | F10: יניב שפירא: 1 = 18-24 2 = 25-29 3 = 30-34 4 = 35-39 5 = 40-44 6 = 45-49 7 = 50-54 8 = 55-64 9 = 65+ | G10: =IF(EXACT($F10, $Q$1), "sector", "unknown") -> unknown | H10: =IF(EXACT(F10,$W$1), "open", IF(EXACT(F10,$X$1), "open", "unknown")) -> unknown | K10: =IF(AND(E10<>"", E10<>"unknown"), E10, IF(AND(G10<>"", G10<>"unknown"), G10, IF(AND(H10<>"", H10<>"unknown"), H10, IF(I10<>"", I10, "ERROR")))) -> scale
A11: דמוגרפיה | B11: $D$12 | C11: יניב שפירא: 1 = 18-22 2 = 23-29 3 = 30-39 4 = 40-49 5 = 50-59 6 = 60-69 7 = 70-79 8 = 80 ומעלה | E11: scale | F11: יניב שפירא: 1 = 18-22 2 = 23-29 3 = 30-39 4 = 40-49 5 = 50-59 6 = 60-69 7 = 70-79 8 = 80 ומעלה | G11: =IF(EXACT($F11, $Q$1), "sector", "unknown") -> unknown | H11: =IF(EXACT(F11,$W$1), "open", IF(EXACT(F11,$X$1), "open", "unknown")) -> unknown | K11: =IF(AND(E11<>"", E11<>"unknown"), E11, IF(AND(G11<>"", G11<>"unknown"), G11, IF(AND(H11<>"", H11<>"unknown"), H11, IF(I11<>"", I11, "ERROR")))) -> scale
A12: דמוגרפיה | B12: $D$13 | C12: יניב שפירא: 1 = male 2 = female | E12: scale | F12: יניב שפירא: 1 = male 2 = female | G12: =IF(EXACT($F12, $Q$1), "sector", "unknown") -> unknown | H12: =IF(EXACT(F12,$W$1), "open", IF(EXACT(F12,$X$1), "open", "unknown")) -> unknown | K12: =IF(AND(E12<>"", E12<>"unknown"), E12, IF(AND(G12<>"", G12<>"unknown"), G12, IF(AND(H12<>"", H12<>"unknown"), H12, IF(I12<>"", I12, "ERROR")))) -> scale
A13: דמוגרפיה | B13: $M$13 | C13: יניב שפירא: 1 = אישה 2 = גבר | E13: scale | F13: יניב שפירא: 1 = אישה 2 = גבר | G13: =IF(EXACT($F13, $Q$1), "sector", "unknown") -> unknown | H13: =IF(EXACT(F13,$W$1), "open", IF(EXACT(F13,$X$1), "open", "unknown")) -> unknown | K13: =IF(AND(E13<>"", E13<>"unknown"), E13, IF(AND(G13<>"", G13<>"unknown"), G13, IF(AND(H13<>"", H13<>"unknown"), H13, IF(I13<>"", I13, "ERROR")))) -> scale
A14: דמוגרפיה | B14: $N$13 | C14: יניב שפירא: 1 = זכר 2 = נקבה | E14: scale | F14: יניב שפירא: 1 = זכר 2 = נקבה | G14: =IF(EXACT($F14, $Q$1), "sector", "unknown") -> unknown | H14: =IF(EXACT(F14,$W$1), "open", IF(EXACT(F14,$X$1), "open", "unknown")) -> unknown | K14: =IF(AND(E14<>"", E14<>"unknown"), E14, IF(AND(G14<>"", G14<>"unknown"), G14, IF(AND(H14<>"", H14<>"unknown"), H14, IF(I14<>"", I14, "ERROR")))) -> scale
A15: דמוגרפיה | B15: $O$13 | C15: יניב שפירא: 1 = אישה 2 = גבר | E15: scale | F15: יניב שפירא: 1 = אישה 2 = גבר | G15: =IF(EXACT($F15, $Q$1), "sector", "unknown") -> unknown | H15: =IF(EXACT(F15,$W$1), "open", IF(EXACT(F15,$X$1), "open", "unknown")) -> unknown | K15: =IF(AND(E15<>"", E15<>"unknown"), E15, IF(AND(G15<>"", G15<>"unknown"), G15, IF(AND(H15<>"", H15<>"unknown"), H15, IF(I15<>"", I15, "ERROR")))) -> scale
A16: דמוגרפיה | B16: $T$13 | C16: יניב שפירא: 1 = גבר 2 = אישה | E16: scale | F16: יניב שפירא: 1 = גבר 2 = אישה | G16: =IF(EXACT($F16, $Q$1), "sector", "unknown") -> unknown | H16: =IF(EXACT(F16,$W$1), "open", IF(EXACT(F16,$X$1), "open", "unknown")) -> unknown | K16: =IF(AND(E16<>"", E16<>"unknown"), E16, IF(AND(G16<>"", G16<>"unknown"), G16, IF(AND(H16<>"", H16<>"unknown"), H16, IF(I16<>"", I16, "ERROR")))) -> scale
A17: דמוגרפיה | B17: $D$14 | C17: יניב שפירא: 1 = עממית או פחות 2 = תיכונית חלקית 3 = תיכונית מלאה - ללא בגרות 4 = תיכונית מלאה - עם בגרות 5 = על תיכונית לא אקדמית 6 = תואר אקדמאי חלקי 7 = תואר ראשון 8 = תואר שני ומעלה | E17: scale | F17: יניב שפירא: 1 = עממית או פחות 2 = תיכונית חלקית 3 = תיכונית מלאה - ללא בגרות 4 = תיכונית מלאה - עם בגרות 5 = על תיכונית לא אקדמית 6 = תואר אקדמאי חלקי 7 = תואר ראשון 8 = תואר שני ומעלה | G17: =IF(EXACT($F17, $Q$1), "sector", "unknown") -> unknown | H17: =IF(EXACT(F17,$W$1), "open", IF(EXACT(F17,$X$1), "open", "unknown")) -> unknown | K17: =IF(AND(E17<>"", E17<>"unknown"), E17, IF(AND(G17<>"", G17<>"unknown"), G17, IF(AND(H17<>"", H17<>"unknown"), H17, IF(I17<>"", I17, "ERROR")))) -> scale
A18: דמוגרפיה | B18: $S$15 | C18: יניב שפירא: 1 = לא למד בכלל 2 = עד 4 שנים 3 = 5-8 4 = 9-10 5 = 11 6 = 12 7 = 13 + (בלי תואר) 8 = בעל תואר | E18: scale | F18: יניב שפירא: 1 = לא למד בכלל 2 = עד 4 שנים 3 = 5-8 4 = 9-10 5 = 11 6 = 12 7 = 13 + (בלי תואר) 8 = בעל תואר | G18: =IF(EXACT($F18, $Q$1), "sector", "unknown") -> unknown | H18: =IF(EXACT(F18,$W$1), "open", IF(EXACT(F18,$X$1), "open", "unknown")) -> unknown | K18: =IF(AND(E18<>"", E18<>"unknown"), E18, IF(AND(G18<>"", G18<>"unknown"), G18, IF(AND(H18<>"", H18<>"unknown"), H18, IF(I18<>"", I18, "ERROR")))) -> scale
A19: דמוגרפיה | B19: $D$16 | C19: יניב שפירא: 1 = yes 2 = no | E19: scale | F19: יניב שפירא: 1 = yes 2 = no | G19: =IF(EXACT($F19, $Q$1), "sector", "unknown") -> unknown | H19: =IF(EXACT(F19,$W$1), "open", IF(EXACT(F19,$X$1), "open", "unknown")) -> unknown | K19: =IF(AND(E19<>"", E19<>"unknown"), E19, IF(AND(G19<>"", G19<>"unknown"), G19, IF(AND(H19<>"", H19<>"unknown"), H19, IF(I19<>"", I19, "ERROR")))) -> scale
A20: דמוגרפיה | B20: $A$17 | C20: יניב שפירא: שאלה פתוחה | D20: יניב שפירא | E20: unknown | F20: שאלה פתוחה | G20: =IF(EXACT($F20, $Q$1), "sector", IF(EXACT($F20, $R$1), "sector", IF(EXACT($F20, $T$1), "sector", IF(EXACT($F20, $U$1), "sector", "unknown")))) -> unknown | H20: =IF(EXACT(F20,$W$1), "open", IF(EXACT(F20,$X$1), "open", "unknown")) -> open | K20: =IF(AND(E20<>"", E20<>"unknown"), E20, IF(AND(G20<>"", G20<>"unknown"), G20, IF(AND(H20<>"", H20<>"unknown"), H20, IF(I20<>"", I20, "ERROR")))) -> open
A21: דמוגרפיה | B21: $I$17 | C21: יניב שפירא: קידוד לתשובות תחת nv176 | E21: scale | F21: יניב שפירא: קידוד לתשובות תחת nv176 | G21: =IF(EXACT($F21, $Q$1), "sector", "unknown") -> unknown | H21: =IF(EXACT(F21,$W$1), "open", IF(EXACT(F21,$X$1), "open", "unknown")) -> unknown | K21: =IF(AND(E21<>"", E21<>"unknown"), E21, IF(AND(G21<>"", G21<>"unknown"), G21, IF(AND(H21<>"", H21<>"unknown"), H21, IF(I21<>"", I21, "ERROR")))) -> scale
A22: דמוגרפיה | B22: $AF$17 | C22: יניב שפירא: 1 = צבר 2 = אירופה התיכונית והמזרחית 3 = אירופה הדרומית 4 = אירופה המערבית 5 = ארצות דוברות אנגלית 6 = צפון אפריקה 7 = המזרח התיכון 8 = המזרח הרחוק 9 = דרום אמריקה | E22: scale | F22: יניב שפירא: 1 = צבר 2 = אירופה התיכונית והמזרחית 3 = אירופה הדרומית 4 = אירופה המערבית 5 = ארצות דוברות אנגלית 6 = צפון אפריקה 7 = המזרח התיכון 8 = המזרח הרחוק 9 = דרום אמריקה | G22: =IF(EXACT($F22, $Q$1), "sector", "unknown") -> unknown | H22: =IF(EXACT(F22,$W$1), "open", IF(EXACT(F22,$X$1), "open", "unknown")) -> unknown | K22: =IF(AND(E22<>"", E22<>"unknown"), E22, IF(AND(G22<>"", G22<>"unknown"), G22, IF(AND(H22<>"", H22<>"unknown"), H22, IF(I22<>"", I22, "ERROR")))) -> scale
A23: דמוגרפיה | B23: $A$18 | C23: יניב שפירא: יהודים בלבד | D23: יניב שפירא | E23: =IF(EXACT($F23, $Q$1), "sector", "unknown") -> sector | F23: יהודים בלבד | G23: =IF(EXACT($F23, $Q$1), "sector", "unknown") -> sector | H23: =IF(EXACT(F23,$W$1), "open", IF(EXACT(F23,$X$1), "open", "unknown")) -> unknown | K23: =IF(AND(E23<>"", E23<>"unknown"), E23, IF(AND(G23<>"", G23<>"unknown"), G23, IF(AND(H23<>"", H23<>"unknown"), H23, IF(I23<>"", I23, "ERROR")))) -> sector
A24: דמוגרפיה | B24: $D$18 | C24: יניב שפירא: 1 = יליד אסיה/אפריקה 2 = יליד אירופה/אמריקה 3 = יליד ברה"מ/חבר העמים 4 = יליד ישראל, אב יליד ישראל 5 = יליד ישראל, אב יליד אסיה/אפריקה 6 = יליד ישראל, אב יליד אירופה/אמריקה 7 = יליד ישראל, אב יליד בהר"מ/חבר העמים 8 = מסרב להשיב | E24: scale | F24: יניב שפירא: 1 = יליד אסיה/אפריקה 2 = יליד אירופה/אמריקה 3 = יליד ברה"מ/חבר העמים 4 = יליד ישראל, אב יליד ישראל 5 = יליד ישראל, אב יליד אסיה/אפריקה 6 = יליד ישראל, אב יליד אירופה/אמריקה 7 = יליד ישראל, אב יליד בהר"מ/חבר העמים 8 = מסרב להשיב | G24: =IF(EXACT($F24, $Q$1), "sector", "unknown") -> unknown | H24: =IF(EXACT(F24,$W$1), "open", IF(EXACT(F24,$X$1), "open", "unknown")) -> unknown | K24: =IF(AND(E24<>"", E24<>"unknown"), E24, IF(AND(G24<>"", G24<>"unknown"), G24, IF(AND(H24<>"", H24<>"unknown"), H24, IF(I24<>"", I24, "ERROR")))) -> scale
A25: דמוגרפיה | B25: $F$18 | C25: יניב שפירא: 1 = ישראל 2 = אסיה או אפריקה 3 = אירופה או אמריקה 4 = בהר"מ/חבר העמים | E25: scale | F25: יניב שפירא: 1 = ישראל 2 = אסיה או אפריקה 3 = אירופה או אמריקה 4 = בהר"מ/חבר העמים | G25: =IF(EXACT($F25, $Q$1), "sector", "unknown") -> unknown | H25: =IF(EXACT(F25,$W$1), "open", IF(EXACT(F25,$X$1), "open", "unknown")) -> unknown | K25: =IF(AND(E25<>"", E25<>"unknown"), E25, IF(AND(G25<>"", G25<>"unknown"), G25, IF(AND(H25<>"", H25<>"unknown"), H25, IF(I25<>"", I25, "ERROR")))) -> scale
A26: דמוגרפיה | B26: $L$18 | C26: יניב שפירא: 1 = צפון אפריקה 2 = אסיה 3 = מזרח אירופה 4 = מערב/מרכז אירופה 5 = אמריקה,אפריקה,אוסטרליה 6 = צבר, אב צבר 7 = צבר, אבא צפון אפריקה 8 = צבא, אבא אסיה 9 = צבר, אבא מזרח אירופה 10 = צבר, אבא מערב/מרכז אירופה 11 = צבר, אבא אמריקה,אפריקה,אוסטלריה | E26: scale | F26: יניב שפירא: 1 = צפון אפריקה 2 = אסיה 3 = מזרח אירופה 4 = מערב/מרכז אירופה 5 = אמריקה,אפריקה,אוסטרליה 6 = צבר, אב צבר 7 = צבר, אבא צפון אפריקה 8 = צבא, אבא אסיה 9 = צבר, אבא מזרח אירופה 10 = צבר, אבא מערב/מרכז אירופה 11 = צבר, אבא אמריקה,אפריקה,אוסטלריה | G26: =IF(EXACT($F26, $Q$1), "sector", "unknown") -> unknown | H26: =IF(EXACT(F26,$W$1), "open", IF(EXACT(F26,$X$1), "open", "unknown")) -> unknown | K26: =IF(AND(E26<>"", E26<>"unknown"), E26, IF(AND(G26<>"", G26<>"unknown"), G26, IF(AND(H26<>"", H26<>"unknown"), H26, IF(I26<>"", I26, "ERROR")))) -> scale
A27: דמוגרפיה | B27: $T$18 | C27: יניב שפירא: 1 = ישראל-ישראל 2 = ישראל- אסיה/אפריקה 3 = ישראל- אירופה/אמריקה 4 = אסיה/אפריקה-אסיה/אפריקה 5 = אירופה/אמריקה- אירופה/אמריקה 6 = כל צירוף אחר | E27: scale | F27: יניב שפירא: 1 = ישראל-ישראל 2 = ישראל- אסיה/אפריקה 3 = ישראל- אירופה/אמריקה 4 = אסיה/אפריקה-אסיה/אפריקה 5 = אירופה/אמריקה- אירופה/אמריקה 6 = כל צירוף אחר | G27: =IF(EXACT($F27, $Q$1), "sector", "unknown") -> unknown | H27: =IF(EXACT(F27,$W$1), "open", IF(EXACT(F27,$X$1), "open", "unknown")) -> unknown | K27: =IF(AND(E27<>"", E27<>"unknown"), E27, IF(AND(G27<>"", G27<>"unknown"), G27, IF(AND(H27<>"", H27<>"unknown"), H27, IF(I27<>"", I27, "ERROR")))) -> scale
A28: דמוגרפיה | B28: $AF$18 | C28: יניב שפירא: 1 = אסיה וצפון אפריקה 2 = אירופה ואנגלו-סכסיות 3 = ישראל והאב מאסיה צפון אפריקה 4 = ישראל והאב אירופה או האנגלו-סכסיות 5 = ישראל וגם האב ישראל | E28: scale | F28: יניב שפירא: 1 = אסיה וצפון אפריקה 2 = אירופה ואנגלו-סכסיות 3 = ישראל והאב מאסיה צפון אפריקה 4 = ישראל והאב אירופה או האנגלו-סכסיות 5 = ישראל וגם האב ישראל | G28: =IF(EXACT($F28, $Q$1), "sector", "unknown") -> unknown | H28: =IF(EXACT(F28,$W$1), "open", IF(EXACT(F28,$X$1), "open", "unknown")) -> unknown | K28: =IF(AND(E28<>"", E28<>"unknown"), E28, IF(AND(G28<>"", G28<>"unknown"), G28, IF(AND(H28<>"", H28<>"unknown"), H28, IF(I28<>"", I28, "ERROR")))) -> scale
A29: דמוגרפיה | B29: $A$19 | C29: יניב שפירא: יהודים בלבד | D29: יניב שפירא | E29: unknown | F29: יהודים בלבד | G29: =IF(EXACT($F29, $Q$1), "sector", IF(EXACT($F29, $R$1), "sector", IF(EXACT($F29, $T$1), "sector", IF(EXACT($F29, $U$1), "sector", "unknown")))) -> sector | H29: =IF(EXACT(F29,$W$1), "open", IF(EXACT(F29,$X$1), "open", "unknown")) -> unknown | K29: =IF(AND(E29<>"", E29<>"unknown"), E29, IF(AND(G29<>"", G29<>"unknown"), G29, IF(AND(H29<>"", H29<>"unknown"), H29, IF(I29<>"", I29, "ERROR")))) -> sector
A30: דמוגרפיה | B30: $Q$19 | C30: יניב שפירא: 1 = יליד הארץ 2 = לפני 1948 3 = 1948-1954 4 = 1955-1960 5 = 61-66 6 = 67-72 7 = 73-77 8 = 78-83 9 = 1984 ומעלה | E30: scale | F30: יניב שפירא: 1 = יליד הארץ 2 = לפני 1948 3 = 1948-1954 4 = 1955-1960 5 = 61-66 6 = 67-72 7 = 73-77 8 = 78-83 9 = 1984 ומעלה | G30: =IF(EXACT($F30, $Q$1), "sector", "unknown") -> unknown | H30: =IF(EXACT(F30,$W$1), "open", IF(EXACT(F30,$X$1), "open", "unknown")) -> unknown | K30: =IF(AND(E30<>"", E30<>"unknown"), E30, IF(AND(G30<>"", G30<>"unknown"), G30, IF(AND(H30<>"", H30<>"unknown"), H30, IF(I30<>"", I30, "ERROR")))) -> scale
A31: דמוגרפיה | B31: $T$19 | C31: יניב שפירא: 1 = יליד הארץ 2 = לפני 1948 3 = 1948-1954 4 = 1955-1960 5 = 61-66 6 = 67-72 7 = 73-77 8 = 78-79 9 = 1980 ואלך | E31: scale | F31: יניב שפירא: 1 = יליד הארץ 2 = לפני 1948 3 = 1948-1954 4 = 1955-1960 5 = 61-66 6 = 67-72 7 = 73-77 8 = 78-79 9 = 1980 ואלך | G31: =IF(EXACT($F31, $Q$1), "sector", "unknown") -> unknown | H31: =IF(EXACT(F31,$W$1), "open", IF(EXACT(F31,$X$1), "open", "unknown")) -> unknown | K31: =IF(AND(E31<>"", E31<>"unknown"), E31, IF(AND(G31<>"", G31<>"unknown"), G31, IF(AND(H31<>"", H31<>"unknown"), H31, IF(I31<>"", I31, "ERROR")))) -> scale
A32: דמוגרפיה | B32: $A$20 | C32: יניב שפירא: יהודים בלבד | D32: יניב שפירא | E32: unknown | F32: יהודים בלבד | G32: =IF(EXACT($F32, $Q$1), "sector", IF(EXACT($F32, $R$1), "sector", IF(EXACT($F32, $T$1), "sector", IF(EXACT($F32, $U$1), "sector", "unknown")))) -> sector | H32: =IF(EXACT(F32,$W$1), "open", IF(EXACT(F32,$X$1), "open", "unknown")) -> unknown | K32: =IF(AND(E32<>"", E32<>"unknown"), E32, IF(AND(G32<>"", G32<>"unknown"), G32, IF(AND(H32<>"", H32<>"unknown"), H32, IF(I32<>"", I32, "ERROR")))) -> sector
A33: דמוגרפיה | B33: $B$20 | C33: adi: 1 = אשכנזי 2 = ספרדי 3 = מזרחי 4 = אחר (פרט):_____ | E33: scale | F33: adi: 1 = אשכנזי 2 = ספרדי 3 = מזרחי 4 = אחר (פרט):_____ | G33: =IF(EXACT($F33, $Q$1), "sector", "unknown") -> unknown | H33: =IF(EXACT(F33,$W$1), "open", IF(EXACT(F33,$X$1), "open", "unknown")) -> unknown | K33: =IF(AND(E33<>"", E33<>"unknown"), E33, IF(AND(G33<>"", G33<>"unknown"), G33, IF(AND(H33<>"", H33<>"unknown"), H33, IF(I33<>"", I33, "ERROR")))) -> scale
A34: דמוגרפיה | B34: $D$20 | C34: יניב שפירא: 1 = אשכנזי 2 = ספרדי 3 = מזרחי 4 = אחר 5 = מעורב 6 = לא זה ולא זה, לא מגדיר את עצמי לפי מוצא עדתי | E34: scale | F34: יניב שפירא: 1 = אשכנזי 2 = ספרדי 3 = מזרחי 4 = אחר 5 = מעורב 6 = לא זה ולא זה, לא מגדיר את עצמי לפי מוצא עדתי | G34: =IF(EXACT($F34, $Q$1), "sector", "unknown") -> unknown | H34: =IF(EXACT(F34,$W$1), "open", IF(EXACT(F34,$X$1), "open", "unknown")) -> unknown | K34: =IF(AND(E34<>"", E34<>"unknown"), E34, IF(AND(G34<>"", G34<>"unknown"), G34, IF(AND(H34<>"", H34<>"unknown"), H34, IF(I34<>"", I34, "ERROR")))) -> scale
A35: דמוגרפיה | B35: $N$20 | C35: יניב שפירא: 1 = אשכנזי 2 = ספרדי 3 = לא זה ולא זה | E35: scale | F35: יניב שפירא: 1 = אשכנזי 2 = ספרדי 3 = לא זה ולא זה | G35: =IF(EXACT($F35, $Q$1), "sector", "unknown") -> unknown | H35: =IF(EXACT(F35,$W$1), "open", IF(EXACT(F35,$X$1), "open", "unknown")) -> unknown | K35: =IF(AND(E35<>"", E35<>"unknown"), E35, IF(AND(G35<>"", G35<>"unknown"), G35, IF(AND(H35<>"", H35<>"unknown"), H35, IF(I35<>"", I35, "ERROR")))) -> scale
A36: דמוגרפיה | B36: $O$20 | C36: יניב שפירא: 1 = אשכנזי 2 = ספרדי 3 = לא זה ולא זה 4 = שניהם | E36: scale | F36: יניב שפירא: 1 = אשכנזי 2 = ספרדי 3 = לא זה ולא זה 4 = שניהם | G36: =IF(EXACT($F36, $Q$1), "sector", "unknown") -> unknown | H36: =IF(EXACT(F36,$W$1), "open", IF(EXACT(F36,$X$1), "open", "unknown")) -> unknown | K36: =IF(AND(E36<>"", E36<>"unknown"), E36, IF(AND(G36<>"", G36<>"unknown"), G36, IF(AND(H36<>"", H36<>"unknown"), H36, IF(I36<>"", I36, "ERROR")))) -> scale
A37: דמוגרפיה | B37: $P$20 | C37: יניב שפירא: 1 = אשכנזי 2 = ספרדי 3 = לא זה ולא זה | E37: scale | F37: יניב שפירא: 1 = אשכנזי 2 = ספרדי 3 = לא זה ולא זה | G37: =IF(EXACT($F37, $Q$1), "sector", "unknown") -> unknown | H37: =IF(EXACT(F37,$W$1), "open", IF(EXACT(F37,$X$1), "open", "unknown")) -> unknown | K37: =IF(AND(E37<>"", E37<>"unknown"), E37, IF(AND(G37<>"", G37<>"unknown"), G37, IF(AND(H37<>"", H37<>"unknown"), H37, IF(I37<>"", I37, "ERROR")))) -> scale
A38: דמוגרפיה | B38: $Q$20 | C38: יניב שפירא: 1 = אשכנזי 2 = ספרדי 3 = לא זה ולא זה 4 = שניהם | E38: scale | F38: יניב שפירא: 1 = אשכנזי 2 = ספרדי 3 = לא זה ולא זה 4 = שניהם | G38: =IF(EXACT($F38, $Q$1), "sector", "unknown") -> unknown | H38: =IF(EXACT(F38,$W$1), "open", IF(EXACT(F38,$X$1), "open", "unknown")) -> unknown | K38: =IF(AND(E38<>"", E38<>"unknown"), E38, IF(AND(G38<>"", G38<>"unknown"), G38, IF(AND(H38<>"", H38<>"unknown"), H38, IF(I38<>"", I38, "ERROR")))) -> scale
A39: דמוגרפיה | B39: $S$20 | C39: יניב שפירא: 1 = אשכנזי 2 = ספרדי 3 = לא זה ולא זה | E39: scale | F39: יניב שפירא: 1 = אשכנזי 2 = ספרדי 3 = לא זה ולא זה | G39: =IF(EXACT($F39, $Q$1), "sector", "unknown") -> unknown | H39: =IF(EXACT(F39,$W$1), "open", IF(EXACT(F39,$X$1), "open", "unknown")) -> unknown | K39: =IF(AND(E39<>"", E39<>"unknown"), E39, IF(AND(G39<>"", G39<>"unknown"), G39, IF(AND(H39<>"", H39<>"unknown"), H39, IF(I39<>"", I39, "ERROR")))) -> scale
A40: דמוגרפיה | B40: $L$21 | C40: יניב שפירא: 1 = כן 2 = לא | E40: scale | F40: יניב שפירא: 1 = כן 2 = לא | G40: =IF(EXACT($F40, $Q$1), "sector", "unknown") -> unknown | H40: =IF(EXACT(F40,$W$1), "open", IF(EXACT(F40,$X$1), "open", "unknown")) -> unknown | K40: =IF(AND(E40<>"", E40<>"unknown"), E40, IF(AND(G40<>"", G40<>"unknown"), G40, IF(AND(H40<>"", H40<>"unknown"), H40, IF(I40<>"", I40, "ERROR")))) -> scale
A41: דמוגרפיה | B41: $B$22 | C41: adi: 1 = ישראלי 2 = יהודי (לערבים: פלסטיני) 3 = העדה שלי (לערבים: הדת שלי) 4 = החילוניות/דתיות שלי | E41: scale | F41: adi: 1 = ישראלי 2 = יהודי (לערבים: פלסטיני) 3 = העדה שלי (לערבים: הדת שלי) 4 = החילוניות/דתיות שלי | G41: =IF(EXACT($F41, $Q$1), "sector", "unknown") -> unknown | H41: =IF(EXACT(F41,$W$1), "open", IF(EXACT(F41,$X$1), "open", "unknown")) -> unknown | K41: =IF(AND(E41<>"", E41<>"unknown"), E41, IF(AND(G41<>"", G41<>"unknown"), G41, IF(AND(H41<>"", H41<>"unknown"), H41, IF(I41<>"", I41, "ERROR")))) -> scale
A42: דמוגרפיה | B42: $I$22 | C42: יניב שפירא: רק יהודים 1 = ישראלי 2 = יהודי 3 = העדה שלי 4 = החילוניות/דתיות שלי | E42: scale | F42: יניב שפירא: רק יהודים 1 = ישראלי 2 = יהודי 3 = העדה שלי 4 = החילוניות/דתיות שלי | G42: =IF(EXACT($F42, $Q$1), "sector", "unknown") -> unknown | H42: =IF(EXACT(F42,$W$1), "open", IF(EXACT(F42,$X$1), "open", "unknown")) -> unknown | K42: =IF(AND(E42<>"", E42<>"unknown"), E42, IF(AND(G42<>"", G42<>"unknown"), G42, IF(AND(H42<>"", H42<>"unknown"), H42, IF(I42<>"", I42, "ERROR")))) -> scale
A43: דמוגרפיה | B43: $L$22 | C43: יניב שפירא: 1 = ישראלי (ערבי) 2 = פלסטיני 3 = ערבי 4 = הדת שלי (מוסלמי/נוצרי/דרוזי) 5 = ישראלי (יהודי) 6 = יהודי 7 = העדה שלי 8 = החילוניות/דתיות שלי | E43: scale | F43: יניב שפירא: 1 = ישראלי (ערבי) 2 = פלסטיני 3 = ערבי 4 = הדת שלי (מוסלמי/נוצרי/דרוזי) 5 = ישראלי (יהודי) 6 = יהודי 7 = העדה שלי 8 = החילוניות/דתיות שלי | G43: =IF(EXACT($F43, $Q$1), "sector", "unknown") -> unknown | H43: =IF(EXACT(F43,$W$1), "open", IF(EXACT(F43,$X$1), "open", "unknown")) -> unknown | K43: =IF(AND(E43<>"", E43<>"unknown"), E43, IF(AND(G43<>"", G43<>"unknown"), G43, IF(AND(H43<>"", H43<>"unknown"), H43, IF(I43<>"", I43, "ERROR")))) -> scale
A44: דמוגרפיה | B44: $M$22 | C44: יניב שפירא: 1 = ישראלי 2 = יהודי 3 = העדה שלי 4 = חילוניות/דתיות שלי | E44: scale | F44: יניב שפירא: 1 = ישראלי 2 = יהודי 3 = העדה שלי 4 = חילוניות/דתיות שלי | G44: =IF(EXACT($F44, $Q$1), "sector", "unknown") -> unknown | H44: =IF(EXACT(F44,$W$1), "open", IF(EXACT(F44,$X$1), "open", "unknown")) -> unknown | K44: =IF(AND(E44<>"", E44<>"unknown"), E44, IF(AND(G44<>"", G44<>"unknown"), G44, IF(AND(H44<>"", H44<>"unknown"), H44, IF(I44<>"", I44, "ERROR")))) -> scale
A45: דמוגרפיה | B45: $A$26 | C45: יניב שפירא: יהודים בלבד | D45: יניב שפירא | E45: unknown | F45: יהודים בלבד | G45: =IF(EXACT($F45, $Q$1), "sector", IF(EXACT($F45, $R$1), "sector", IF(EXACT($F45, $T$1), "sector", IF(EXACT($F45, $U$1), "sector", "unknown")))) -> sector | H45: =IF(EXACT(F45,$W$1), "open", IF(EXACT(F45,$X$1), "open", "unknown")) -> unknown | K45: =IF(AND(E45<>"", E45<>"unknown"), E45, IF(AND(G45<>"", G45<>"unknown"), G45, IF(AND(H45<>"", H45<>"unknown"), H45, IF(I45<>"", I45, "ERROR")))) -> sector
A46: דמוגרפיה | B46: $D$26 | C46: יניב שפירא: 1 = לא למד 2 = למד במסגרת דתית | E46: scale | F46: יניב שפירא: 1 = לא למד 2 = למד במסגרת דתית | G46: =IF(EXACT($F46, $Q$1), "sector", "unknown") -> unknown | H46: =IF(EXACT(F46,$W$1), "open", IF(EXACT(F46,$X$1), "open", "unknown")) -> unknown | K46: =IF(AND(E46<>"", E46<>"unknown"), E46, IF(AND(G46<>"", G46<>"unknown"), G46, IF(AND(H46<>"", H46<>"unknown"), H46, IF(I46<>"", I46, "ERROR")))) -> scale
A47: דמוגרפיה | B47: $A$27 | C47: יניב שפירא: ב2022 הוצאה עמדה על 16,000 ₪ ב2019 הוצאה עמדה על 15,000 ₪ ב2015 ההוצאה עמדה על 14,000 ₪ | E47: scale | F47: יניב שפירא: ב2022 הוצאה עמדה על 16,000 ₪ ב2019 הוצאה עמדה על 15,000 ₪ ב2015 ההוצאה עמדה על 14,000 ₪ | G47: =IF(EXACT($F47, $Q$1), "sector", "unknown") -> unknown | H47: =IF(EXACT(F47,$W$1), "open", IF(EXACT(F47,$X$1), "open", "unknown")) -> unknown | K47: =IF(AND(E47<>"", E47<>"unknown"), E47, IF(AND(G47<>"", G47<>"unknown"), G47, IF(AND(H47<>"", H47<>"unknown"), H47, IF(I47<>"", I47, "ERROR")))) -> scale
A48: דמוגרפיה | B48: $D$27 | C48: יניב שפירא: 1 = הרבה מתחת לממוצע 2 = מעט מתחת לממוצע 3 = כמו הממוצע 4 = מעט מעל הממוצע 5 = הרבה מעל הממוצע | E48: scale | F48: יניב שפירא: 1 = הרבה מתחת לממוצע 2 = מעט מתחת לממוצע 3 = כמו הממוצע 4 = מעט מעל הממוצע 5 = הרבה מעל הממוצע | G48: =IF(EXACT($F48, $Q$1), "sector", "unknown") -> unknown | H48: =IF(EXACT(F48,$W$1), "open", IF(EXACT(F48,$X$1), "open", "unknown")) -> unknown | K48: =IF(AND(E48<>"", E48<>"unknown"), E48, IF(AND(G48<>"", G48<>"unknown"), G48, IF(AND(H48<>"", H48<>"unknown"), H48, IF(I48<>"", I48, "ERROR")))) -> scale
A49: דמוגרפיה | B49: $I$27 | C49: יניב שפירא: 1 = הרבה מעל הממוצע 2 = מעט מעל הממוצע 3 = כמו הממוצע 4 = מעט מתחת לממוצע 5 = הרבה מתחת לממוצע | E49: scale | F49: יניב שפירא: 1 = הרבה מעל הממוצע 2 = מעט מעל הממוצע 3 = כמו הממוצע 4 = מעט מתחת לממוצע 5 = הרבה מתחת לממוצע | G49: =IF(EXACT($F49, $Q$1), "sector", "unknown") -> unknown | H49: =IF(EXACT(F49,$W$1), "open", IF(EXACT(F49,$X$1), "open", "unknown")) -> unknown | K49: =IF(AND(E49<>"", E49<>"unknown"), E49, IF(AND(G49<>"", G49<>"unknown"), G49, IF(AND(H49<>"", H49<>"unknown"), H49, IF(I49<>"", I49, "ERROR")))) -> scale
A50: דמוגרפיה | B50: $S$27 | C50: יניב שפירא: 1 = הרבה מתחת לממוצע 2 = מעט מתחת לממוצע 3 = כמו הממוצע 4 = מעט מעל הממוצע 5 = הרבה מעל הממוצע | E50: scale | F50: יניב שפירא: 1 = הרבה מתחת לממוצע 2 = מעט מתחת לממוצע 3 = כמו הממוצע 4 = מעט מעל הממוצע 5 = הרבה מעל הממוצע | G50: =IF(EXACT($F50, $Q$1), "sector", "unknown") -> unknown | H50: =IF(EXACT(F50,$W$1), "open", IF(EXACT(F50,$X$1), "open", "unknown")) -> unknown | K50: =IF(AND(E50<>"", E50<>"unknown"), E50, IF(AND(G50<>"", G50<>"unknown"), G50, IF(AND(H50<>"", H50<>"unknown"), H50, IF(I50<>"", I50, "ERROR")))) -> scale
A51: דמוגרפיה | B51: $T$28 | C51: יניב שפירא: 1 = עד 1,000 2 = 1,001-1,500 3 = 1,501-2,000 4 = 2,001-2,500 5 = 2,501-3,000 6 = 3,001-4,000 7 = 4,001-5,000 8 = 5,001-6,000 9 = 6,001-7,000 10 = 7,001 + | E51: scale | F51: יניב שפירא: 1 = עד 1,000 2 = 1,001-1,500 3 = 1,501-2,000 4 = 2,001-2,500 5 = 2,501-3,000 6 = 3,001-4,000 7 = 4,001-5,000 8 = 5,001-6,000 9 = 6,001-7,000 10 = 7,001 + | G51: =IF(EXACT($F51, $Q$1), "sector", "unknown") -> unknown | H51: =IF(EXACT(F51,$W$1), "open", IF(EXACT(F51,$X$1), "open", "unknown")) -> unknown | K51: =IF(AND(E51<>"", E51<>"unknown"), E51, IF(AND(G51<>"", G51<>"unknown"), G51, IF(AND(H51<>"", H51<>"unknown"), H51, IF(I51<>"", I51, "ERROR")))) -> scale
A52: דמוגרפיה | B52: $T$29 | C52: יניב שפירא: 1 = חדר אחד 2 = שני חדרים 3 = שלושה חדרים 4 = ארבעה חדרים 5 = חמישה חדרים 6 = שישה חדרים 7 = שבעה חדרים 8 = שמונה חדרים 9 = תשעה חדשים ויותר | E52: scale | F52: יניב שפירא: 1 = חדר אחד 2 = שני חדרים 3 = שלושה חדרים 4 = ארבעה חדרים 5 = חמישה חדרים 6 = שישה חדרים 7 = שבעה חדרים 8 = שמונה חדרים 9 = תשעה חדשים ויותר | G52: =IF(EXACT($F52, $Q$1), "sector", "unknown") -> unknown | H52: =IF(EXACT(F52,$W$1), "open", IF(EXACT(F52,$X$1), "open", "unknown")) -> unknown | K52: =IF(AND(E52<>"", E52<>"unknown"), E52, IF(AND(G52<>"", G52<>"unknown"), G52, IF(AND(H52<>"", H52<>"unknown"), H52, IF(I52<>"", I52, "ERROR")))) -> scale
A53: דמוגרפיה | B53: $T$30 | C53: יניב שפירא: 1 = 1 2 = 2 3 = 3 4 = 4 5 = 5 6 = 6 7 = 7 8 = 8 9 = 9+ | E53: scale | F53: יניב שפירא: 1 = 1 2 = 2 3 = 3 4 = 4 5 = 5 6 = 6 7 = 7 8 = 8 9 = 9+ | G53: =IF(EXACT($F53, $Q$1), "sector", "unknown") -> unknown | H53: =IF(EXACT(F53,$W$1), "open", IF(EXACT(F53,$X$1), "open", "unknown")) -> unknown | K53: =IF(AND(E53<>"", E53<>"unknown"), E53, IF(AND(G53<>"", G53<>"unknown"), G53, IF(AND(H53<>"", H53<>"unknown"), H53, IF(I53<>"", I53, "ERROR")))) -> scale
A54: דמוגרפיה | B54: $AF$30 | C54: יניב שפירא: מס' הילדים שגרים בבית | D54: יניב שפירא | E54: unknown | F54: מס' הילדים שגרים בבית | G54: =IF(EXACT($F54, $Q$1), "sector", IF(EXACT($F54, $R$1), "sector", IF(EXACT($F54, $T$1), "sector", IF(EXACT($F54, $U$1), "sector", "unknown")))) -> unknown | H54: =IF(EXACT(F54,$W$1), "open", IF(EXACT(F54,$X$1), "open", "unknown")) -> unknown | I54: rephrase | K54: =IF(AND(E54<>"", E54<>"unknown"), E54, IF(AND(G54<>"", G54<>"unknown"), G54, IF(AND(H54<>"", H54<>"unknown"), H54, IF(I54<>"", I54, "ERROR")))) -> rephrase
A55: דמוגרפיה | B55: $S$31 | C55: יניב שפירא: צפיפות מדד אחד לחדרים\נפשות | E55: scale | F55: יניב שפירא: צפיפות מדד אחד לחדרים\נפשות | G55: =IF(EXACT($F55, $Q$1), "sector", "unknown") -> unknown | H55: =IF(EXACT(F55,$W$1), "open", IF(EXACT(F55,$X$1), "open", "unknown")) -> unknown | K55: =IF(AND(E55<>"", E55<>"unknown"), E55, IF(AND(G55<>"", G55<>"unknown"), G55, IF(AND(H55<>"", H55<>"unknown"), H55, IF(I55<>"", I55, "ERROR")))) -> scale
A56: דמוגרפיה | B56: $AF$31 | C56: יניב שפירא: 1 = עד ולא כולל 1 2 = 1-1.99 2 = 2-2.99 3 = 3-3.99 4 = 4+ | E56: scale | F56: יניב שפירא: 1 = עד ולא כולל 1 2 = 1-1.99 2 = 2-2.99 3 = 3-3.99 4 = 4+ | G56: =IF(EXACT($F56, $Q$1), "sector", "unknown") -> unknown | H56: =IF(EXACT(F56,$W$1), "open", IF(EXACT(F56,$X$1), "open", "unknown")) -> unknown | K56: =IF(AND(E56<>"", E56<>"unknown"), E56, IF(AND(G56<>"", G56<>"unknown"), G56, IF(AND(H56<>"", H56<>"unknown"), H56, IF(I56<>"", I56, "ERROR")))) -> scale
A57: דמוגרפיה | B57: $D$32 | C57: יניב שפירא: 1 = יהודי 2 = מוסלמי 3 = נוצרי 4 = דרוזי 5 = אחר | E57: scale | F57: יניב שפירא: 1 = יהודי 2 = מוסלמי 3 = נוצרי 4 = דרוזי 5 = אחר | G57: =IF(EXACT($F57, $Q$1), "sector", "unknown") -> unknown | H57: =IF(EXACT(F57,$W$1), "open", IF(EXACT(F57,$X$1), "open", "unknown")) -> unknown | K57: =IF(AND(E57<>"", E57<>"unknown"), E57, IF(AND(G57<>"", G57<>"unknown"), G57, IF(AND(H57<>"", H57<>"unknown"), H57, IF(I57<>"", I57, "ERROR")))) -> scale
A58: דמוגרפיה | B58: $K$32 | C58: יניב שפירא: לא ליהודים 1 = מוסלמי 2 = נוצרי 3 = דרוזי | E58: scale | F58: יניב שפירא: לא ליהודים 1 = מוסלמי 2 = נוצרי 3 = דרוזי | G58: =IF(EXACT($F58, $Q$1), "sector", "unknown") -> unknown | H58: =IF(EXACT(F58,$W$1), "open", IF(EXACT(F58,$X$1), "open", "unknown")) -> unknown | K58: =IF(AND(E58<>"", E58<>"unknown"), E58, IF(AND(G58<>"", G58<>"unknown"), G58, IF(AND(H58<>"", H58<>"unknown"), H58, IF(I58<>"", I58, "ERROR")))) -> scale
A59: דמוגרפיה | B59: $L$32 | C59: יניב שפירא: 5 = מוסלמי 6 = נוצרי 7 = דרוזי | E59: scale | F59: יניב שפירא: 5 = מוסלמי 6 = נוצרי 7 = דרוזי | G59: =IF(EXACT($F59, $Q$1), "sector", "unknown") -> unknown | H59: =IF(EXACT(F59,$W$1), "open", IF(EXACT(F59,$X$1), "open", "unknown")) -> unknown | K59: =IF(AND(E59<>"", E59<>"unknown"), E59, IF(AND(G59<>"", G59<>"unknown"), G59, IF(AND(H59<>"", H59<>"unknown"), H59, IF(I59<>"", I59, "ERROR")))) -> scale
A60: דמוגרפיה | B60: $D$33 | C60: יניב שפירא: 1 = דתי מאד, חרדי 2 = דתי 3 = מסורתי דתי 4 = מסורתי לא כ"כ דתי 5 = לא דתי, חילוני | E60: scale | F60: יניב שפירא: 1 = דתי מאד, חרדי 2 = דתי 3 = מסורתי דתי 4 = מסורתי לא כ"כ דתי 5 = לא דתי, חילוני | G60: =IF(EXACT($F60, $Q$1), "sector", "unknown") -> unknown | H60: =IF(EXACT(F60,$W$1), "open", IF(EXACT(F60,$X$1), "open", "unknown")) -> unknown | K60: =IF(AND(E60<>"", E60<>"unknown"), E60, IF(AND(G60<>"", G60<>"unknown"), G60, IF(AND(H60<>"", H60<>"unknown"), H60, IF(I60<>"", I60, "ERROR")))) -> scale
A61: דמוגרפיה | B61: $H$33 | C61: יניב שפירא: 1 = חילוני 2 = מסורתי 3 = דתי 4 = חרדי | E61: scale | F61: יניב שפירא: 1 = חילוני 2 = מסורתי 3 = דתי 4 = חרדי | G61: =IF(EXACT($F61, $Q$1), "sector", "unknown") -> unknown | H61: =IF(EXACT(F61,$W$1), "open", IF(EXACT(F61,$X$1), "open", "unknown")) -> unknown | K61: =IF(AND(E61<>"", E61<>"unknown"), E61, IF(AND(G61<>"", G61<>"unknown"), G61, IF(AND(H61<>"", H61<>"unknown"), H61, IF(I61<>"", I61, "ERROR")))) -> scale
A62: דמוגרפיה | B62: $F$34 | C62: יניב שפירא: 1 = נשוי 2 = חי עם בן\בת זוג קבוע\ה 3 = גרוש 4 = פרוד 5 = אלמן 6 = רווק, מעולם לא נישא | E62: scale | F62: יניב שפירא: 1 = נשוי 2 = חי עם בן\בת זוג קבוע\ה 3 = גרוש 4 = פרוד 5 = אלמן 6 = רווק, מעולם לא נישא | G62: =IF(EXACT($F62, $Q$1), "sector", "unknown") -> unknown | H62: =IF(EXACT(F62,$W$1), "open", IF(EXACT(F62,$X$1), "open", "unknown")) -> unknown | K62: =IF(AND(E62<>"", E62<>"unknown"), E62, IF(AND(G62<>"", G62<>"unknown"), G62, IF(AND(H62<>"", H62<>"unknown"), H62, IF(I62<>"", I62, "ERROR")))) -> scale
A63: דמוגרפיה | B63: $O$34 | C63: יניב שפירא: 1 = רווק 2 = נשוי 3 = גרוש 4 = אלמן | E63: scale | F63: יניב שפירא: 1 = רווק 2 = נשוי 3 = גרוש 4 = אלמן | G63: =IF(EXACT($F63, $Q$1), "sector", "unknown") -> unknown | H63: =IF(EXACT(F63,$W$1), "open", IF(EXACT(F63,$X$1), "open", "unknown")) -> unknown | K63: =IF(AND(E63<>"", E63<>"unknown"), E63, IF(AND(G63<>"", G63<>"unknown"), G63, IF(AND(H63<>"", H63<>"unknown"), H63, IF(I63<>"", I63, "ERROR")))) -> scale
A64: דמוגרפיה | B64: $T$34 | C64: יניב שפירא: 1 = רווק 2 = נשוי בלי ילדים 3 = נשוי עם ילד אחד 4 = נשוי עם שני ילדים 5 = נשוי עם שלושה או יותר ילדים 6 = גרוש בלי ילדים 7 = גרוש עם ילדים 8 = אלמן בלי ילדים 9 = אלמן עם ילדים | E64: scale | F64: יניב שפירא: 1 = רווק 2 = נשוי בלי ילדים 3 = נשוי עם ילד אחד 4 = נשוי עם שני ילדים 5 = נשוי עם שלושה או יותר ילדים 6 = גרוש בלי ילדים 7 = גרוש עם ילדים 8 = אלמן בלי ילדים 9 = אלמן עם ילדים | G64: =IF(EXACT($F64, $Q$1), "sector", "unknown") -> unknown | H64: =IF(EXACT(F64,$W$1), "open", IF(EXACT(F64,$X$1), "open", "unknown")) -> unknown | K64: =IF(AND(E64<>"", E64<>"unknown"), E64, IF(AND(G64<>"", G64<>"unknown"), G64, IF(AND(H64<>"", H64<>"unknown"), H64, IF(I64<>"", I64, "ERROR")))) -> scale
A65: דמוגרפיה | B65: $AD$34 | C65: יניב שפירא: 1 = רווק 2 = אלמן/גרוש ללא 3 = נשוי ללא 4 = אלמן/גרוש + 1/2 5 = אלמן/גרוש + 3 6 = אלמן/גרוש + 4 7 = נשוי + 1/2 8 = נשוי + 3 9 = נשוי + 4 | E65: scale | F65: יניב שפירא: 1 = רווק 2 = אלמן/גרוש ללא 3 = נשוי ללא 4 = אלמן/גרוש + 1/2 5 = אלמן/גרוש + 3 6 = אלמן/גרוש + 4 7 = נשוי + 1/2 8 = נשוי + 3 9 = נשוי + 4 | G65: =IF(EXACT($F65, $Q$1), "sector", "unknown") -> unknown | H65: =IF(EXACT(F65,$W$1), "open", IF(EXACT(F65,$X$1), "open", "unknown")) -> unknown | K65: =IF(AND(E65<>"", E65<>"unknown"), E65, IF(AND(G65<>"", G65<>"unknown"), G65, IF(AND(H65<>"", H65<>"unknown"), H65, IF(I65<>"", I65, "ERROR")))) -> scale
A66: דמוגרפיה | B66: $AF$34 | C66: יניב שפירא: 1 = רווק/אלמן/גרוש 2 = נשוי | E66: scale | F66: יניב שפירא: 1 = רווק/אלמן/גרוש 2 = נשוי | G66: =IF(EXACT($F66, $Q$1), "sector", "unknown") -> unknown | H66: =IF(EXACT(F66,$W$1), "open", IF(EXACT(F66,$X$1), "open", "unknown")) -> unknown | K66: =IF(AND(E66<>"", E66<>"unknown"), E66, IF(AND(G66<>"", G66<>"unknown"), G66, IF(AND(H66<>"", H66<>"unknown"), H66, IF(I66<>"", I66, "ERROR")))) -> scale
... A90: דמוגרפיה | B90: $AF$45 | C90: יניב שפירא: 1 = לא למד כלל 2 = עממי חלקי 3 = סיים עממי 4 = תיכון חלקי 5 = סיים תיכון 6 = גבוהה חלקית 7 = ב.א. 8 = תואר שני ומעלה | E90: scale | F90: יניב שפירא: 1 = לא למד כלל 2 = עממי חלקי 3 = סיים עממי 4 = תיכון חלקי 5 = סיים תיכון 6 = גבוהה חלקית 7 = ב.א. 8 = תואר שני ומעלה | G90: =IF(EXACT($F90, $Q$1), "sector", "unknown") -> unknown | H90: =IF(EXACT(F90,$W$1), "open", IF(EXACT(F90,$X$1), "open", "unknown")) -> unknown | K90: =IF(AND(E90<>"", E90<>"unknown"), E90, IF(AND(G90<>"", G90<>"unknown"), G90, IF(AND(H90<>"", H90<>"unknown"), H90, IF(I90<>"", I90, "ERROR")))) -> scale
A91: דמוגרפיה | B91: $A$46 | C91: יניב שפירא: רק למי שענה שעובד | D91: יניב שפירא | E91: sector | F91: רק למי שענה שעובד | G91: =IF(EXACT($F91, $Q$1), "sector", "unknown") -> unknown | H91: =IF(EXACT(F91,$W$1), "open", IF(EXACT(F91,$X$1), "open", "unknown")) -> unknown | K91: =IF(AND(E91<>"", E91<>"unknown"), E91, IF(AND(G91<>"", G91<>"unknown"), G91, IF(AND(H91<>"", H91<>"unknown"), H91, IF(I91<>"", I91, "ERROR")))) -> sector
A92: דמוגרפיה | B92: $G$46 | C92: יניב שפירא: 1 = משרה מלאה 2 = משרה חלקית | E92: scale | F92: יניב שפירא: 1 = משרה מלאה 2 = משרה חלקית | G92: =IF(EXACT($F92, $Q$1), "sector", "unknown") -> unknown | H92: =IF(EXACT(F92,$W$1), "open", IF(EXACT(F92,$X$1), "open", "unknown")) -> unknown | K92: =IF(AND(E92<>"", E92<>"unknown"), E92, IF(AND(G92<>"", G92<>"unknown"), G92, IF(AND(H92<>"", H92<>"unknown"), H92, IF(I92<>"", I92, "ERROR")))) -> scale
A93: דמוגרפיה | B93: $AA$47 | C93: יניב שפירא: 1 = מקצוע חופשי שדורש השכלה אקדמית 2 = מקצוע חופשי שלא דורש הכשלה אקדמית 3 = פקיד או בעל עסק עם 11+ עובדים 4 = פקיד או בעל עסק עם 3-10 עובדים 5 = פקיד או בעל עסק עם 0-2 עובדים 6 = פועל מקצועי 7 = פועל לא מקצועי (רוכל) 8 = סטודנט 9 = עקר בית 0 = לא עובד | E93: scale | F93: יניב שפירא: 1 = מקצוע חופשי שדורש השכלה אקדמית 2 = מקצוע חופשי שלא דורש הכשלה אקדמית 3 = פקיד או בעל עסק עם 11+ עובדים 4 = פקיד או בעל עסק עם 3-10 עובדים 5 = פקיד או בעל עסק עם 0-2 עובדים 6 = פועל מקצועי 7 = פועל לא מקצועי (רוכל) 8 = סטודנט 9 = עקר בית 0 = לא עובד | G93: =IF(EXACT($F93, $Q$1), "sector", "unknown") -> unknown | H93: =IF(EXACT(F93,$W$1), "open", IF(EXACT(F93,$X$1), "open", "unknown")) -> unknown | K93: =IF(AND(E93<>"", E93<>"unknown"), E93, IF(AND(G93<>"", G93<>"unknown"), G93, IF(AND(H93<>"", H93<>"unknown"), H93, IF(I93<>"", I93, "ERROR")))) -> scale
A94: דמוגרפיה | B94: $AG$47 | C94: יניב שפירא: 1 = מקצוע חופשי 2 = מנהל/פקיד 3 = סוחר 4 = חקלאי 5 = עובד תחבורה 6 = בנייה 7 = בעל מלאכה 8 = ספורט/בידור 9 = לא עובד | E94: scale | F94: יניב שפירא: 1 = מקצוע חופשי 2 = מנהל/פקיד 3 = סוחר 4 = חקלאי 5 = עובד תחבורה 6 = בנייה 7 = בעל מלאכה 8 = ספורט/בידור 9 = לא עובד | G94: =IF(EXACT($F94, $Q$1), "sector", "unknown") -> unknown | H94: =IF(EXACT(F94,$W$1), "open", IF(EXACT(F94,$X$1), "open", "unknown")) -> unknown | K94: =IF(AND(E94<>"", E94<>"unknown"), E94, IF(AND(G94<>"", G94<>"unknown"), G94, IF(AND(H94<>"", H94<>"unknown"), H94, IF(I94<>"", I94, "ERROR")))) -> scale
A95: דמוגרפיה | B95: $G$48 | C95: יניב שפירא: 1 = מגזר ציבורי 2 = מגזר פרטי/חברה פרטית | E95: scale | F95: יניב שפירא: 1 = מגזר ציבורי 2 = מגזר פרטי/חברה פרטית | G95: =IF(EXACT($F95, $Q$1), "sector", "unknown") -> unknown | H95: =IF(EXACT(F95,$W$1), "open", IF(EXACT(F95,$X$1), "open", "unknown")) -> unknown | K95: =IF(AND(E95<>"", E95<>"unknown"), E95, IF(AND(G95<>"", G95<>"unknown"), G95, IF(AND(H95<>"", H95<>"unknown"), H95, IF(I95<>"", I95, "ERROR")))) -> scale
A96: דמוגרפיה | B96: $I$49 | C96: יניב שפירא: 1 = כלל לא מודאג 2 = מודרג במקצת 3 = מודאג מאוד 4 = איבדתי את מקום העבודה שלי לאחרונה ואני מחפש עבודה 5 = אינני עובד ואינני מחפש עבודה | E96: scale | F96: יניב שפירא: 1 = כלל לא מודאג 2 = מודרג במקצת 3 = מודאג מאוד 4 = איבדתי את מקום העבודה שלי לאחרונה ואני מחפש עבודה 5 = אינני עובד ואינני מחפש עבודה | G96: =IF(EXACT($F96, $Q$1), "sector", "unknown") -> unknown | H96: =IF(EXACT(F96,$W$1), "open", IF(EXACT(F96,$X$1), "open", "unknown")) -> unknown | K96: =IF(AND(E96<>"", E96<>"unknown"), E96, IF(AND(G96<>"", G96<>"unknown"), G96, IF(AND(H96<>"", H96<>"unknown"), H96, IF(I96<>"", I96, "ERROR")))) -> scale
A97: דמוגרפיה | B97: $F$50 | C97: יניב שפירא: 1 = גבוה 2 = בינוני-גבוה 3 = בינוני 4 = נמוך | E97: scale | F97: יניב שפירא: 1 = גבוה 2 = בינוני-גבוה 3 = בינוני 4 = נמוך | G97: =IF(EXACT($F97, $Q$1), "sector", "unknown") -> unknown | H97: =IF(EXACT(F97,$W$1), "open", IF(EXACT(F97,$X$1), "open", "unknown")) -> unknown | K97: =IF(AND(E97<>"", E97<>"unknown"), E97, IF(AND(G97<>"", G97<>"unknown"), G97, IF(AND(H97<>"", H97<>"unknown"), H97, IF(I97<>"", I97, "ERROR")))) -> scale
A98: דמוגרפיה | B98: $Q$50 | C98: יניב שפירא: 1 = גבוה 2 = בינוני-גבוה 3 = בינוני 4 = נמוך 5 = מעמד הפועלים 6 = לא משויך לשום מעמד | E98: scale | F98: יניב שפירא: 1 = גבוה 2 = בינוני-גבוה 3 = בינוני 4 = נמוך 5 = מעמד הפועלים 6 = לא משויך לשום מעמד | G98: =IF(EXACT($F98, $Q$1), "sector", "unknown") -> unknown | H98: =IF(EXACT(F98,$W$1), "open", IF(EXACT(F98,$X$1), "open", "unknown")) -> unknown | K98: =IF(AND(E98<>"", E98<>"unknown"), E98, IF(AND(G98<>"", G98<>"unknown"), G98, IF(AND(H98<>"", H98<>"unknown"), H98, IF(I98<>"", I98, "ERROR")))) -> scale
A99: דמוגרפיה | B99: $S$50 | C99: יניב שפירא: 1 = מעמד גבוה 2 = מעמד בינוני 3 = מעמד פועלים 4 = מעמד נמוך 5 = לא שייף לאף מעמד | E99: scale | F99: יניב שפירא: 1 = מעמד גבוה 2 = מעמד בינוני 3 = מעמד פועלים 4 = מעמד נמוך 5 = לא שייף לאף מעמד | G99: =IF(EXACT($F99, $Q$1), "sector", "unknown") -> unknown | H99: =IF(EXACT(F99,$W$1), "open", IF(EXACT(F99,$X$1), "open", "unknown")) -> unknown | K99: =IF(AND(E99<>"", E99<>"unknown"), E99, IF(AND(G99<>"", G99<>"unknown"), G99, IF(AND(H99<>"", H99<>"unknown"), H99, IF(I99<>"", I99, "ERROR")))) -> scale
A100: דמוגרפיה | B100: $AF$50 | C100: יניב שפירא: 1 = בינוני-עליון 2 = בינוני 3 = נמוך 4 = עליון 5 = פועלים 6 = אחר 7 = לא מסווג את עצמי לשום מעמד | E100: scale | F100: יניב שפירא: 1 = בינוני-עליון 2 = בינוני 3 = נמוך 4 = עליון 5 = פועלים 6 = אחר 7 = לא מסווג את עצמי לשום מעמד | G100: =IF(EXACT($F100, $Q$1), "sector", "unknown") -> unknown | H100: =IF(EXACT(F100,$W$1), "open", IF(EXACT(F100,$X$1), "open", "unknown")) -> unknown | K100: =IF(AND(E100<>"", E100<>"unknown"), E100, IF(AND(G100<>"", G100<>"unknown"), G100, IF(AND(H100<>"", H100<>"unknown"), H100, IF(I100<>"", I100, "ERROR")))) -> scale
A101: דמוגרפיה | B101: $G$51 | C101: יניב שפירא: 0 = לא 1 = כן | E101: scale | F101: יניב שפירא: 0 = לא 1 = כן | G101: =IF(EXACT($F101, $Q$1), "sector", "unknown") -> unknown | H101: =IF(EXACT(F101,$W$1), "open", IF(EXACT(F101,$X$1), "open", "unknown")) -> unknown | K101: =IF(AND(E101<>"", E101<>"unknown"), E101, IF(AND(G101<>"", G101<>"unknown"), G101, IF(AND(H101<>"", H101<>"unknown"), H101, IF(I101<>"", I101, "ERROR")))) -> scale
A102: דמוגרפיה | B102: $H$51 | C102: יניב שפירא: 1 = לא 2 = כן | E102: scale | F102: יניב שפירא: 1 = לא 2 = כן | G102: =IF(EXACT($F102, $Q$1), "sector", "unknown") -> unknown | H102: =IF(EXACT(F102,$W$1), "open", IF(EXACT(F102,$X$1), "open", "unknown")) -> unknown | K102: =IF(AND(E102<>"", E102<>"unknown"), E102, IF(AND(G102<>"", G102<>"unknown"), G102, IF(AND(H102<>"", H102<>"unknown"), H102, IF(I102<>"", I102, "ERROR")))) -> scale
A103: דמוגרפיה | B103: $P$53 | C103: יניב שפירא: 1 = אין 2 = יש בן/בנים 3 = יש בת/בנות 4 = יש בן+בת | E103: scale | F103: יניב שפירא: 1 = אין 2 = יש בן/בנים 3 = יש בת/בנות 4 = יש בן+בת | G103: =IF(EXACT($F103, $Q$1), "sector", "unknown") -> unknown | H103: =IF(EXACT(F103,$W$1), "open", IF(EXACT(F103,$X$1), "open", "unknown")) -> unknown | K103: =IF(AND(E103<>"", E103<>"unknown"), E103, IF(AND(G103<>"", G103<>"unknown"), G103, IF(AND(H103<>"", H103<>"unknown"), H103, IF(I103<>"", I103, "ERROR")))) -> scale
A104: דמוגרפיה | B104: $A$56 | C104: יניב שפירא: רק למי שענה שיש לו ילדים | D104: יניב שפירא | E104: sector | F104: רק למי שענה שיש לו ילדים | G104: =IF(EXACT($F104, $Q$1), "sector", "unknown") -> unknown | H104: =IF(EXACT(F104,$W$1), "open", IF(EXACT(F104,$X$1), "open", "unknown")) -> unknown | K104: =IF(AND(E104<>"", E104<>"unknown"), E104, IF(AND(G104<>"", G104<>"unknown"), G104, IF(AND(H104<>"", H104<>"unknown"), H104, IF(I104<>"", I104, "ERROR")))) -> sector
A105: דמוגרפיה | B105: $G$56 | C105: יניב שפירא: 1 = לא 2 = כן | E105: scale | F105: יניב שפירא: 1 = לא 2 = כן | G105: =IF(EXACT($F105, $Q$1), "sector", "unknown") -> unknown | H105: =IF(EXACT(F105,$W$1), "open", IF(EXACT(F105,$X$1), "open", "unknown")) -> unknown | K105: =IF(AND(E105<>"", E105<>"unknown"), E105, IF(AND(G105<>"", G105<>"unknown"), G105, IF(AND(H105<>"", H105<>"unknown"), H105, IF(I105<>"", I105, "ERROR")))) -> scale
A106: דמוגרפיה | B106: $H$57 | C106: יניב שפירא: 1 = הכנסה מעבודה 2 = גמלאות 3 = דמי אבטלה, קצבאות או מענקי סעד 4 = הכנסה מהשקעות חסכונות ביטוח או רכוש 5 = הכנסה ממקורות אחרים | E106: scale | F106: יניב שפירא: 1 = הכנסה מעבודה 2 = גמלאות 3 = דמי אבטלה, קצבאות או מענקי סעד 4 = הכנסה מהשקעות חסכונות ביטוח או רכוש 5 = הכנסה ממקורות אחרים | G106: =IF(EXACT($F106, $Q$1), "sector", "unknown") -> unknown | H106: =IF(EXACT(F106,$W$1), "open", IF(EXACT(F106,$X$1), "open", "unknown")) -> unknown | K106: =IF(AND(E106<>"", E106<>"unknown"), E106, IF(AND(G106<>"", G106<>"unknown"), G106, IF(AND(H106<>"", H106<>"unknown"), H106, IF(I106<>"", I106, "ERROR")))) -> scale
A107: דמוגרפיה | B107: $H$58 | C107: יניב שפירא: 1 = עד 3,000 ₪ 2 = 3,001-4,500 ₪ 3 = 4,501-6,000 ₪ 4 = 6,001-8,000 ₪ 5 = 8,001-10,000 ₪ 6 = 10,001-12,000 ₪ 7 = 12,001-14,000 ₪ 8 = 14,001-16,000 ₪ 9 = 16,001-20,000 ₪ 10 = יותר מ-20,001 ₪ | E107: scale | F107: יניב שפירא: 1 = עד 3,000 ₪ 2 = 3,001-4,500 ₪ 3 = 4,501-6,000 ₪ 4 = 6,001-8,000 ₪ 5 = 8,001-10,000 ₪ 6 = 10,001-12,000 ₪ 7 = 12,001-14,000 ₪ 8 = 14,001-16,000 ₪ 9 = 16,001-20,000 ₪ 10 = יותר מ-20,001 ₪ | G107: =IF(EXACT($F107, $Q$1), "sector", "unknown") -> unknown | H107: =IF(EXACT(F107,$W$1), "open", IF(EXACT(F107,$X$1), "open", "unknown")) -> unknown | K107: =IF(AND(E107<>"", E107<>"unknown"), E107, IF(AND(G107<>"", G107<>"unknown"), G107, IF(AND(H107<>"", H107<>"unknown"), H107, IF(I107<>"", I107, "ERROR")))) -> scale
A108: דמוגרפיה | B108: $U$58 | C108: יניב שפירא: 1 = עד 20,000 2 = 20,001-30,000 3 = 30,001-40,000 4 = 40,001-50,000 5 = 50,001-60,000 6 = 60,001-75,000 7 = 75,001-85,000 8 = 85,001 + | E108: scale | F108: יניב שפירא: 1 = עד 20,000 2 = 20,001-30,000 3 = 30,001-40,000 4 = 40,001-50,000 5 = 50,001-60,000 6 = 60,001-75,000 7 = 75,001-85,000 8 = 85,001 + | G108: =IF(EXACT($F108, $Q$1), "sector", "unknown") -> unknown | H108: =IF(EXACT(F108,$W$1), "open", IF(EXACT(F108,$X$1), "open", "unknown")) -> unknown | K108: =IF(AND(E108<>"", E108<>"unknown"), E108, IF(AND(G108<>"", G108<>"unknown"), G108, IF(AND(H108<>"", H108<>"unknown"), H108, IF(I108<>"", I108, "ERROR")))) -> scale
A109: דמוגרפיה | B109: $H$59 | C109: יניב שפירא: 1 = כלום 2 = חלק קטן מאוד 3 = פחות מחצי 4 = בערך חצי 5 = מעל לחצי 6 = חלק גדול מאוד 7 = הכל | E109: scale | F109: יניב שפירא: 1 = כלום 2 = חלק קטן מאוד 3 = פחות מחצי 4 = בערך חצי 5 = מעל לחצי 6 = חלק גדול מאוד 7 = הכל | G109: =IF(EXACT($F109, $Q$1), "sector", "unknown") -> unknown | H109: =IF(EXACT(F109,$W$1), "open", IF(EXACT(F109,$X$1), "open", "unknown")) -> unknown | K109: =IF(AND(E109<>"", E109<>"unknown"), E109, IF(AND(G109<>"", G109<>"unknown"), G109, IF(AND(H109<>"", H109<>"unknown"), H109, IF(I109<>"", I109, "ERROR")))) -> scale
A110: דמוגרפיה | B110: $I$61 | C110: יניב שפירא: 1 = כן 2 = לא | E110: scale | F110: יניב שפירא: 1 = כן 2 = לא | G110: =IF(EXACT($F110, $Q$1), "sector", "unknown") -> unknown | H110: =IF(EXACT(F110,$W$1), "open", IF(EXACT(F110,$X$1), "open", "unknown")) -> unknown | K110: =IF(AND(E110<>"", E110<>"unknown"), E110, IF(AND(G110<>"", G110<>"unknown"), G110, IF(AND(H110<>"", H110<>"unknown"), H110, IF(I110<>"", I110, "ERROR")))) -> scale
A111: דמוגרפיה | B111: $I$62 | C111: יניב שפירא: 1 = לא למד כלל 2 = ביה"ס יסודי וחטיבת בינים 3 = תיכון 4 = מוסד הנותן קורסים של הכשרה והשתלמות 5 = מוסד על תיכוני 6 = מוסד אקדמי | E111: scale | F111: יניב שפירא: 1 = לא למד כלל 2 = ביה"ס יסודי וחטיבת בינים 3 = תיכון 4 = מוסד הנותן קורסים של הכשרה והשתלמות 5 = מוסד על תיכוני 6 = מוסד אקדמי | G111: =IF(EXACT($F111, $Q$1), "sector", "unknown") -> unknown | H111: =IF(EXACT(F111,$W$1), "open", IF(EXACT(F111,$X$1), "open", "unknown")) -> unknown | K111: =IF(AND(E111<>"", E111<>"unknown"), E111, IF(AND(G111<>"", G111<>"unknown"), G111, IF(AND(H111<>"", H111<>"unknown"), H111, IF(I111<>"", I111, "ERROR")))) -> scale
A112: דמוגרפיה | B112: $A$63 | C112: יניב שפירא: רק לעולי ברה"מ | D112: יניב שפירא | E112: sector | F112: רק לעולי ברה"מ | G112: =IF(EXACT($F112, $Q$1), "sector", "unknown") -> unknown | H112: =IF(EXACT(F112,$W$1), "open", IF(EXACT(F112,$X$1), "open", "unknown")) -> unknown | K112: =IF(AND(E112<>"", E112<>"unknown"), E112, IF(AND(G112<>"", G112<>"unknown"), G112, IF(AND(H112<>"", H112<>"unknown"), H112, IF(I112<>"", I112, "ERROR")))) -> sector
A113: דמוגרפיה | B113: $A$64 | C113: יניב שפירא: רק לעולי ברה"מ | D113: יניב שפירא | E113: sector | F113: רק לעולי ברה"מ | G113: =IF(EXACT($F113, $Q$1), "sector", "unknown") -> unknown | H113: =IF(EXACT(F113,$W$1), "open", IF(EXACT(F113,$X$1), "open", "unknown")) -> unknown | K113: =IF(AND(E113<>"", E113<>"unknown"), E113, IF(AND(G113<>"", G113<>"unknown"), G113, IF(AND(H113<>"", H113<>"unknown"), H113, IF(I113<>"", I113, "ERROR")))) -> sector
A114: דמוגרפיה | B114: $A$65 | C114: יניב שפירא: רק לעולי ברה"מ | D114: יניב שפירא | E114: sector | F114: רק לעולי ברה"מ | G114: =IF(EXACT($F114, $Q$1), "sector", "unknown") -> unknown | H114: =IF(EXACT(F114,$W$1), "open", IF(EXACT(F114,$X$1), "open", "unknown")) -> unknown | K114: =IF(AND(E114<>"", E114<>"unknown"), E114, IF(AND(G114<>"", G114<>"unknown"), G114, IF(AND(H114<>"", H114<>"unknown"), H114, IF(I114<>"", I114, "ERROR")))) -> sector
A115: דמוגרפיה | B115: $J$65 | C115: יניב שפירא: 1 = עולים מברה"מ 2 = ישראלים לא עולים 3 = חצי חצי | E115: scale | F115: יניב שפירא: 1 = עולים מברה"מ 2 = ישראלים לא עולים 3 = חצי חצי | G115: =IF(EXACT($F115, $Q$1), "sector", "unknown") -> unknown | H115: =IF(EXACT(F115,$W$1), "open", IF(EXACT(F115,$X$1), "open", "unknown")) -> unknown | K115: =IF(AND(E115<>"", E115<>"unknown"), E115, IF(AND(G115<>"", G115<>"unknown"), G115, IF(AND(H115<>"", H115<>"unknown"), H115, IF(I115<>"", I115, "ERROR")))) -> scale
A116: דמוגרפיה | B116: $O$66 | C116: יניב שפירא: 1 = טרם, אך אשרת בעתיד 2 = כיום בשירות חובה 3 = כיום בשירות קבע 4 = שירתתי בעבר 5 = לא שירתתי כלל | E116: scale | F116: יניב שפירא: 1 = טרם, אך אשרת בעתיד 2 = כיום בשירות חובה 3 = כיום בשירות קבע 4 = שירתתי בעבר 5 = לא שירתתי כלל | G116: =IF(EXACT($F116, $Q$1), "sector", "unknown") -> unknown | H116: =IF(EXACT(F116,$W$1), "open", IF(EXACT(F116,$X$1), "open", "unknown")) -> unknown | K116: =IF(AND(E116<>"", E116<>"unknown"), E116, IF(AND(G116<>"", G116<>"unknown"), G116, IF(AND(H116<>"", H116<>"unknown"), H116, IF(I116<>"", I116, "ERROR")))) -> scale
A117: דמוגרפיה | B117: $AH$66 | C117: יניב שפירא: 1 = לא, דח"ש 2 = לא, שחרור רפואי 3 = לא, סיבות אישיות 4 = לא, עקב נישואין 5 = לא, עלה לארץ בגיל מבוגר 6 = לא, כאשר צה"ל הוקם היה מבוגר מדי 7 = לא, אין פירוט 8 = סיבה אחרת 9 = שירת בצה"ל | E117: scale | F117: יניב שפירא: 1 = לא, דח"ש 2 = לא, שחרור רפואי 3 = לא, סיבות אישיות 4 = לא, עקב נישואין 5 = לא, עלה לארץ בגיל מבוגר 6 = לא, כאשר צה"ל הוקם היה מבוגר מדי 7 = לא, אין פירוט 8 = סיבה אחרת 9 = שירת בצה"ל | G117: =IF(EXACT($F117, $Q$1), "sector", "unknown") -> unknown | H117: =IF(EXACT(F117,$W$1), "open", IF(EXACT(F117,$X$1), "open", "unknown")) -> unknown | K117: =IF(AND(E117<>"", E117<>"unknown"), E117, IF(AND(G117<>"", G117<>"unknown"), G117, IF(AND(H117<>"", H117<>"unknown"), H117, IF(I117<>"", I117, "ERROR")))) -> scale
A118: דמוגרפיה | B118: $P$67 | C118: יניב שפירא: 1 = כן 2 = לא | E118: scale | F118: יניב שפירא: 1 = כן 2 = לא | G118: =IF(EXACT($F118, $Q$1), "sector", "unknown") -> unknown | H118: =IF(EXACT(F118,$W$1), "open", IF(EXACT(F118,$X$1), "open", "unknown")) -> unknown | K118: =IF(AND(E118<>"", E118<>"unknown"), E118, IF(AND(G118<>"", G118<>"unknown"), G118, IF(AND(H118<>"", H118<>"unknown"), H118, IF(I118<>"", I118, "ERROR")))) -> scale
A119: דמוגרפיה | B119: $P$69 | C119: יניב שפירא: 1 = קרבי 2 = לא קרבי | E119: scale | F119: יניב שפירא: 1 = קרבי 2 = לא קרבי | G119: =IF(EXACT($F119, $Q$1), "sector", "unknown") -> unknown | H119: =IF(EXACT(F119,$W$1), "open", IF(EXACT(F119,$X$1), "open", "unknown")) -> unknown | K119: =IF(AND(E119<>"", E119<>"unknown"), E119, IF(AND(G119<>"", G119<>"unknown"), G119, IF(AND(H119<>"", H119<>"unknown"), H119, IF(I119<>"", I119, "ERROR")))) -> scale
A120: דמוגרפיה | B120: $P$70 | C120: יניב שפירא: 1 = עד שנה 2 = שנה-שנה וחצי 3 = שנה וחצי-שנתיים 4 = שנתיים-שנתיים וחצי 5 = שנתיים וחצי-שלוש 6 = 3-6 שנים 7 = 6-15 שנים 8 = מעל 15 שנים | E120: scale | F120: יניב שפירא: 1 = עד שנה 2 = שנה-שנה וחצי 3 = שנה וחצי-שנתיים 4 = שנתיים-שנתיים וחצי 5 = שנתיים וחצי-שלוש 6 = 3-6 שנים 7 = 6-15 שנים 8 = מעל 15 שנים | G120: =IF(EXACT($F120, $Q$1), "sector", "unknown") -> unknown | H120: =IF(EXACT(F120,$W$1), "open", IF(EXACT(F120,$X$1), "open", "unknown")) -> unknown | K120: =IF(AND(E120<>"", E120<>"unknown"), E120, IF(AND(G120<>"", G120<>"unknown"), G120, IF(AND(H120<>"", H120<>"unknown"), H120, IF(I120<>"", I120, "ERROR")))) -> scale
A121: דמוגרפיה | B121: $P$71 | C121: יניב שפירא: 1 = קרבי 2 = לא קרבי | E121: scale | F121: יניב שפירא: 1 = קרבי 2 = לא קרבי | G121: =IF(EXACT($F121, $Q$1), "sector", "unknown") -> unknown | H121: =IF(EXACT(F121,$W$1), "open", IF(EXACT(F121,$X$1), "open", "unknown")) -> unknown | K121: =IF(AND(E121<>"", E121<>"unknown"), E121, IF(AND(G121<>"", G121<>"unknown"), G121, IF(AND(H121<>"", H121<>"unknown"), H121, IF(I121<>"", I121, "ERROR")))) -> scale
A122: דמוגרפיה | B122: $P$72 | C122: יניב שפירא: 1 = טוראי 2 = טר"ש 3 = רב"ט 4 = סמל 5 = סמ"ר 6 = רס"ל 7 = רס"ר 8 = רס"מ/רס"ב 9 = סג"מ 10 = סגן 11 = סרן 12 = רס"ן 13 = סא"ל 14 = אל"ם 15 = תא"ל 16 = אלוף 17 = רא"ל | E122: scale | F122: יניב שפירא: 1 = טוראי 2 = טר"ש 3 = רב"ט 4 = סמל 5 = סמ"ר 6 = רס"ל 7 = רס"ר 8 = רס"מ/רס"ב 9 = סג"מ 10 = סגן 11 = סרן 12 = רס"ן 13 = סא"ל 14 = אל"ם 15 = תא"ל 16 = אלוף 17 = רא"ל | G122: =IF(EXACT($F122, $Q$1), "sector", "unknown") -> unknown | H122: =IF(EXACT(F122,$W$1), "open", IF(EXACT(F122,$X$1), "open", "unknown")) -> unknown | K122: =IF(AND(E122<>"", E122<>"unknown"), E122, IF(AND(G122<>"", G122<>"unknown"), G122, IF(AND(H122<>"", H122<>"unknown"), H122, IF(I122<>"", I122, "ERROR")))) -> scale
A123: דמוגרפיה | B123: $AE$73 | C123: יניב שפירא: 1 = המרואיין 2 = בעלה של המרואיינת 3 = אביו של המרואיין 4 = בנו של המרואיין 5 = אחר | E123: scale | F123: יניב שפירא: 1 = המרואיין 2 = בעלה של המרואיינת 3 = אביו של המרואיין 4 = בנו של המרואיין 5 = אחר | G123: =IF(EXACT($F123, $Q$1), "sector", "unknown") -> unknown | H123: =IF(EXACT(F123,$W$1), "open", IF(EXACT(F123,$X$1), "open", "unknown")) -> unknown | K123: =IF(AND(E123<>"", E123<>"unknown"), E123, IF(AND(G123<>"", G123<>"unknown"), G123, IF(AND(H123<>"", H123<>"unknown"), H123, IF(I123<>"", I123, "ERROR")))) -> scale
...

Sheet Comment types
A1: Sheet Name | B1: Cell Address | C1: Comment | D1: finalType | E1: Content Only | F1: Question Id | G1: Survey - Index | H1: Survey - Codebook | I1: PrevCodebook | J1: cb_id_curr | K1: cb_id_prev | L1: category | M1: record | N1: columns | O1: question_title | P1: question_description | Q1: answers | R1: Affected Surveys | S1: Answers but better
A2: דמוגרפיה | B2: $L$3 | C2: יניב שפירא: 1 = ינואר 2 = פברואר | D2: scale | E2: 1 = ינואר 2 = פברואר | F2: {=INDIRECT("'" & A2 & "'!" & B2)} -> b51 | G2: {=INDIRECT("'" & A2 & "'!" & ADDRESS(1, COLUMN(INDIRECT("'" & A2 & "'!" & B2))))} -> 2001 | H2: =VLOOKUP($G2, survey_codes_dict!A:C, 2, FALSE) -> 2001 | I2: =VLOOKUP($G2, survey_codes_dict!A:D, 4, FALSE) -> 1999_1 | J2: =_xlfn.CONCAT($H2, "__", F2) -> 2001__b51 | K2: =_xlfn.CONCAT($I2, "__", F2) -> 1999_1__b51
A3: דמוגרפיה | B3: $A$5 | C3: יניב שפירא: שאלה 145 אין קידוד בstata גם ב2020 וגם ב2019 גם ב2021 | D3: scale | E3: שאלה 145 אין קידוד בstata גם ב2020 וגם ב2019 גם ב2021 | F3: {=INDIRECT("'" & A3 & "'!" & B3)} -> מקום הראיון | G3: {=INDIRECT("'" & A3 & "'!" & ADDRESS(1, COLUMN(INDIRECT("'" & A3 & "'!" & B3))))} -> שאלה | H3: =VLOOKUP($G3, survey_codes_dict!A:C, 2, FALSE) -> #N/A | I3: =VLOOKUP($G3, survey_codes_dict!A:D, 4, FALSE) -> #N/A | J3: =_xlfn.CONCAT($H3, "__", F3) -> #N/A | K3: =_xlfn.CONCAT($I3, "__", F3) -> #N/A
A4: דמוגרפיה | B4: $D$6 | C4: יניב שפירא: 1 = יהודי 2 = ערבי | D4: scale | E4: 1 = יהודי 2 = ערבי | F4: {=INDIRECT("'" & A4 & "'!" & B4)} -> sector | G4: {=INDIRECT("'" & A4 & "'!" & ADDRESS(1, COLUMN(INDIRECT("'" & A4 & "'!" & B4))))} -> 2020 | H4: =VLOOKUP($G4, survey_codes_dict!A:C, 2, FALSE) -> #N/A | I4: =VLOOKUP($G4, survey_codes_dict!A:D, 4, FALSE) -> #N/A | J4: =_xlfn.CONCAT($H4, "__", F4) -> #N/A | K4: =_xlfn.CONCAT($I4, "__", F4) -> #N/A
A5: דמוגרפיה | B5: $F$8 | C5: יניב שפירא: 1 = גרסה A 2 = גרסה B | D5: scale | E5: 1 = גרסה A 2 = גרסה B | F5: {=INDIRECT("'" & A5 & "'!" & B5)} -> version | G5: {=INDIRECT("'" & A5 & "'!" & ADDRESS(1, COLUMN(INDIRECT("'" & A5 & "'!" & B5))))} -> 43556 | H5: =VLOOKUP($G5, survey_codes_dict!A:C, 2, FALSE) -> #N/A | I5: =VLOOKUP($G5, survey_codes_dict!A:D, 4, FALSE) -> #N/A | J5: =_xlfn.CONCAT($H5, "__", F5) -> #N/A | K5: =_xlfn.CONCAT($I5, "__", F5) -> #N/A
A6: דמוגרפיה | B6: $I$8 | C6: יניב שפירא: a , b, c | D6: scale | E6: a , b, c | F6: {=INDIRECT("'" & A6 & "'!" & B6)} -> version | G6: {=INDIRECT("'" & A6 & "'!" & ADDRESS(1, COLUMN(INDIRECT("'" & A6 & "'!" & B6))))} -> 2009 | H6: =VLOOKUP($G6, survey_codes_dict!A:C, 2, FALSE) -> #N/A | I6: =VLOOKUP($G6, survey_codes_dict!A:D, 4, FALSE) -> #N/A | J6: =_xlfn.CONCAT($H6, "__", F6) -> #N/A | K6: =_xlfn.CONCAT($I6, "__", F6) -> #N/A
A7: דמוגרפיה | B7: $L$9 | C7: יניב שפירא: 1 = עברית 2 = ערבית 3 = רוסית | D7: scale | E7: 1 = עברית 2 = ערבית 3 = רוסית | F7: {=INDIRECT("'" & A7 & "'!" & B7)} -> b55 | G7: {=INDIRECT("'" & A7 & "'!" & ADDRESS(1, COLUMN(INDIRECT("'" & A7 & "'!" & B7))))} -> 2001 | H7: =VLOOKUP($G7, survey_codes_dict!A:C, 2, FALSE) -> 2001 | I7: =VLOOKUP($G7, survey_codes_dict!A:D, 4, FALSE) -> 1999_1 | J7: =_xlfn.CONCAT($H7, "__", F7) -> 2001__b55 | K7: =_xlfn.CONCAT($I7, "__", F7) -> 1999_1__b55
A8: דמוגרפיה | B8: $W$10 | C8: יניב שפירא: 1 = 20-25 2 = 25-29 3 = 30-34 4 = 35-39 5 = 40-44 6 = 45-49 7 = 50-54 8 = 55-64 9 = 65+ | D8: scale | E8: 1 = 20-25 2 = 25-29 3 = 30-34 4 = 35-39 5 = 40-44 6 = 45-49 7 = 50-54 8 = 55-64 9 = 65+ | F8: {=INDIRECT("'" & A8 & "'!" & B8)} -> c24 | G8: {=INDIRECT("'" & A8 & "'!" & ADDRESS(1, COLUMN(INDIRECT("'" & A8 & "'!" & B8))))} -> 1977 - 4 | H8: =VLOOKUP($G8, survey_codes_dict!A:C, 2, FALSE) -> 1977_4 | I8: =VLOOKUP($G8, survey_codes_dict!A:D, 4, FALSE) -> 1977_3 | J8: =_xlfn.CONCAT($H8, "__", F8) -> 1977_4__c24 | K8: =_xlfn.CONCAT($I8, "__", F8) -> 1977_3__c24
A9: דמוגרפיה | B9: $AB$10 | C9: יניב שפירא: 1 = 20-24 2 = 25-29 3 = 30-34 4 = 35-39 5 = 40-44 6 = 45-49 7 = 50-54 8 = 55-64 9 = 65+ | D9: scale | E9: 1 = 20-24 2 = 25-29 3 = 30-34 4 = 35-39 5 = 40-44 6 = 45-49 7 = 50-54 8 = 55-64 9 = 65+ | F9: {=INDIRECT("'" & A9 & "'!" & B9)} -> g62 | G9: {=INDIRECT("'" & A9 & "'!" & ADDRESS(1, COLUMN(INDIRECT("'" & A9 & "'!" & B9))))} -> 1973 - 4 | H9: =VLOOKUP($G9, survey_codes_dict!A:C, 2, FALSE) -> 1973_4 | I9: =VLOOKUP($G9, survey_codes_dict!A:D, 4, FALSE) -> 1973_3 | J9: =_xlfn.CONCAT($H9, "__", F9) -> 1973_4__g62 | K9: =_xlfn.CONCAT($I9, "__", F9) -> 1973_3__g62
A10: דמוגרפיה | B10: $AH$10 | C10: יניב שפירא: 1 = 18-24 2 = 25-29 3 = 30-34 4 = 35-39 5 = 40-44 6 = 45-49 7 = 50-54 8 = 55-64 9 = 65+ | D10: scale | E10: 1 = 18-24 2 = 25-29 3 = 30-34 4 = 35-39 5 = 40-44 6 = 45-49 7 = 50-54 8 = 55-64 9 = 65+ | F10: {=INDIRECT("'" & A10 & "'!" & B10)} -> c79 | G10: {=INDIRECT("'" & A10 & "'!" & ADDRESS(1, COLUMN(INDIRECT("'" & A10 & "'!" & B10))))} -> 1969 - 1 | H10: =VLOOKUP($G10, survey_codes_dict!A:C, 2, FALSE) -> 1969_1 | I10: =VLOOKUP($G10, survey_codes_dict!A:D, 4, FALSE) -> 0 | J10: =_xlfn.CONCAT($H10, "__", F10) -> 1969_1__c79 | K10: =_xlfn.CONCAT($I10, "__", F10) -> 0__c79
A11: דמוגרפיה | B11: $D$12 | C11: יניב שפירא: 1 = 18-22 2 = 23-29 3 = 30-39 4 = 40-49 5 = 50-59 6 = 60-69 7 = 70-79 8 = 80 ומעלה | D11: scale | E11: 1 = 18-22 2 = 23-29 3 = 30-39 4 = 40-49 5 = 50-59 6 = 60-69 7 = 70-79 8 = 80 ומעלה | F11: {=INDIRECT("'" & A11 & "'!" & B11)} -> agegroup | G11: {=INDIRECT("'" & A11 & "'!" & ADDRESS(1, COLUMN(INDIRECT("'" & A11 & "'!" & B11))))} -> 2020 | H11: =VLOOKUP($G11, survey_codes_dict!A:C, 2, FALSE) -> #N/A | I11: =VLOOKUP($G11, survey_codes_dict!A:D, 4, FALSE) -> #N/A | J11: =_xlfn.CONCAT($H11, "__", F11) -> #N/A | K11: =_xlfn.CONCAT($I11, "__", F11) -> #N/A
A12: דמוגרפיה | B12: $D$13 | C12: יניב שפירא: 1 = male 2 = female | D12: scale | E12: 1 = male 2 = female | F12: {=INDIRECT("'" & A12 & "'!" & B12)} -> gender | G12: {=INDIRECT("'" & A12 & "'!" & ADDRESS(1, COLUMN(INDIRECT("'" & A12 & "'!" & B12))))} -> 2020 | H12: =VLOOKUP($G12, survey_codes_dict!A:C, 2, FALSE) -> #N/A | I12: =VLOOKUP($G12, survey_codes_dict!A:D, 4, FALSE) -> #N/A | J12: =_xlfn.CONCAT($H12, "__", F12) -> #N/A | K12: =_xlfn.CONCAT($I12, "__", F12) -> #N/A
A13: דמוגרפיה | B13: $M$13 | C13: יניב שפירא: 1 = אישה 2 = גבר | D13: scale | E13: 1 = אישה 2 = גבר | F13: {=INDIRECT("'" & A13 & "'!" & B13)} -> c39 | G13: {=INDIRECT("'" & A13 & "'!" & ADDRESS(1, COLUMN(INDIRECT("'" & A13 & "'!" & B13))))} -> 1999 | H13: =VLOOKUP($G13, survey_codes_dict!A:C, 2, FALSE) -> 1999_1 | I13: =VLOOKUP($G13, survey_codes_dict!A:D, 4, FALSE) -> 1996_Jews | J13: =_xlfn.CONCAT($H13, "__", F13) -> 1999_1__c39 | K13: =_xlfn.CONCAT($I13, "__", F13) -> 1996_Jews__c39
... A1403: תקשורת | B1403: $AF$94 | C1403: יניב שפירא: 1 = שידורים שבהם מופיע מנהיג פוליטי ומציג את עמדת המפלגה 2 = שידור שבו מוצג סרט מחיי הארץ המציג את עמדת המפלגה 3 = אחר | D1403: scale | E1403: 1 = שידורים שבהם מופיע מנהיג פוליטי ומציג את עמדת המפלגה 2 = שידור שבו מוצג סרט מחיי הארץ המציג את עמדת המפלגה 3 = אחר | F1403: {=INDIRECT("'" & A1403 & "'!" & B1403)} -> b39 | G1403: {=INDIRECT("'" & A1403 & "'!" & ADDRESS(1, COLUMN(INDIRECT("'" & A1403 & "'!" & B1403))))} -> 1969 - 3 | H1403: =VLOOKUP($G1403, survey_codes_dict!A:C, 2, FALSE) -> #N/A | I1403: =VLOOKUP($G1403, survey_codes_dict!A:D, 4, FALSE) -> #N/A | J1403: =_xlfn.CONCAT($H1403, "__", F1403) -> #N/A | K1403: =_xlfn.CONCAT($I1403, "__", F1403) -> #N/A
A1404: תקשורת | B1404: $AG$95 | C1404: יניב שפירא: | D1404: blank | F1404: {=INDIRECT("'" & A1404 & "'!" & B1404)} -> a9 | G1404: {=INDIRECT("'" & A1404 & "'!" & ADDRESS(1, COLUMN(INDIRECT("'" & A1404 & "'!" & B1404))))} -> 1969 - 2 | H1404: =VLOOKUP($G1404, survey_codes_dict!A:C, 2, FALSE) -> 1969_2 | I1404: =VLOOKUP($G1404, survey_codes_dict!A:D, 4, FALSE) -> 1969_1 | J1404: =_xlfn.CONCAT($H1404, "__", F1404) -> 1969_2__a9 | K1404: =_xlfn.CONCAT($I1404, "__", F1404) -> 1969_1__a9
A1405: תקשורת | B1405: $AH$96 | C1405: יניב שפירא: 1 = כל יום 2 = כמה פעמים בשבוע 3 = פעם בשבוע 4 = לעיתים רחוקות יותר 5 = לא קורא | D1405: scale | E1405: 1 = כל יום 2 = כמה פעמים בשבוע 3 = פעם בשבוע 4 = לעיתים רחוקות יותר 5 = לא קורא | F1405: {=INDIRECT("'" & A1405 & "'!" & B1405)} -> a17 | G1405: {=INDIRECT("'" & A1405 & "'!" & ADDRESS(1, COLUMN(INDIRECT("'" & A1405 & "'!" & B1405))))} -> 1969 - 1 | H1405: =VLOOKUP($G1405, survey_codes_dict!A:C, 2, FALSE) -> 1969_1 | I1405: =VLOOKUP($G1405, survey_codes_dict!A:D, 4, FALSE) -> 0 | J1405: =_xlfn.CONCAT($H1405, "__", F1405) -> 1969_1__a17 | K1405: =_xlfn.CONCAT($I1405, "__", F1405) -> 0__a17
A1406: תקשורת | B1406: $AH$109 | C1406: יניב שפירא: 1 = בדר"כ כן 2 = לפעמים כן לפעמים לא 3 = בדר"כ לא 4 = לא מקבל אינפורמציה | D1406: scale | E1406: 1 = בדר"כ כן 2 = לפעמים כן לפעמים לא 3 = בדר"כ לא 4 = לא מקבל אינפורמציה | F1406: {=INDIRECT("'" & A1406 & "'!" & B1406)} -> a89 | G1406: {=INDIRECT("'" & A1406 & "'!" & ADDRESS(1, COLUMN(INDIRECT("'" & A1406 & "'!" & B1406))))} -> 1969 - 1 | H1406: =VLOOKUP($G1406, survey_codes_dict!A:C, 2, FALSE) -> 1969_1 | I1406: =VLOOKUP($G1406, survey_codes_dict!A:D, 4, FALSE) -> 0 | J1406: =_xlfn.CONCAT($H1406, "__", F1406) -> 1969_1__a89 | K1406: =_xlfn.CONCAT($I1406, "__", F1406) -> 0__a89
A1407: תקשורת | B1407: $AH$110 | C1407: יניב שפירא: 1 = בדר"כ כן 2 = לפעמים כן לפעמים לא 3 = בדר"כ לא 4 = לא מקבל אינפורמציה | D1407: scale | E1407: 1 = בדר"כ כן 2 = לפעמים כן לפעמים לא 3 = בדר"כ לא 4 = לא מקבל אינפורמציה | F1407: {=INDIRECT("'" & A1407 & "'!" & B1407)} -> a91 | G1407: {=INDIRECT("'" & A1407 & "'!" & ADDRESS(1, COLUMN(INDIRECT("'" & A1407 & "'!" & B1407))))} -> 1969 - 1 | H1407: =VLOOKUP($G1407, survey_codes_dict!A:C, 2, FALSE) -> 1969_1 | I1407: =VLOOKUP($G1407, survey_codes_dict!A:D, 4, FALSE) -> 0 | J1407: =_xlfn.CONCAT($H1407, "__", F1407) -> 1969_1__a91 | K1407: =_xlfn.CONCAT($I1407, "__", F1407) -> 0__a91
A1408: ידע כללי | B1408: $D$2 | C1408: יניב שפירא: 1 = תשובה נכונה 2 = תשובה לא נכונה 3 = לא יודע | D1408: scale | E1408: 1 = תשובה נכונה 2 = תשובה לא נכונה 3 = לא יודע | F1408: {=INDIRECT("'" & A1408 & "'!" & B1408)} -> v73 | G1408: {=INDIRECT("'" & A1408 & "'!" & ADDRESS(1, COLUMN(INDIRECT("'" & A1408 & "'!" & B1408))))} -> 2020 | H1408: =VLOOKUP($G1408, survey_codes_dict!A:C, 2, FALSE) -> #N/A | I1408: =VLOOKUP($G1408, survey_codes_dict!A:D, 4, FALSE) -> #N/A | J1408: =_xlfn.CONCAT($H1408, "__", F1408) -> #N/A | K1408: =_xlfn.CONCAT($I1408, "__", F1408) -> #N/A
A1409: ידע כללי | B1409: $D$3 | C1409: יניב שפירא: 1 = תשובה נכונה (אסתר חיות) 2 = תשובה לא נכונה 3 = לא יודע | D1409: scale | E1409: 1 = תשובה נכונה (אסתר חיות) 2 = תשובה לא נכונה 3 = לא יודע | F1409: {=INDIRECT("'" & A1409 & "'!" & B1409)} -> v510 | G1409: {=INDIRECT("'" & A1409 & "'!" & ADDRESS(1, COLUMN(INDIRECT("'" & A1409 & "'!" & B1409))))} -> 2020 | H1409: =VLOOKUP($G1409, survey_codes_dict!A:C, 2, FALSE) -> #N/A | I1409: =VLOOKUP($G1409, survey_codes_dict!A:D, 4, FALSE) -> #N/A | J1409: =_xlfn.CONCAT($H1409, "__", F1409) -> #N/A | K1409: =_xlfn.CONCAT($I1409, "__", F1409) -> #N/A
A1410: ידע כללי | B1410: $D$4 | C1410: יניב שפירא: 1 = לא יודע 2 = בינוי ושיכון 3 = בריאות 4 = חינוך 5 = תחבורה | D1410: scale | E1410: 1 = לא יודע 2 = בינוי ושיכון 3 = בריאות 4 = חינוך 5 = תחבורה | F1410: {=INDIRECT("'" & A1410 & "'!" & B1410)} -> v511 | G1410: {=INDIRECT("'" & A1410 & "'!" & ADDRESS(1, COLUMN(INDIRECT("'" & A1410 & "'!" & B1410))))} -> 2020 | H1410: =VLOOKUP($G1410, survey_codes_dict!A:C, 2, FALSE) -> #N/A | I1410: =VLOOKUP($G1410, survey_codes_dict!A:D, 4, FALSE) -> #N/A | J1410: =_xlfn.CONCAT($H1410, "__", F1410) -> #N/A | K1410: =_xlfn.CONCAT($I1410, "__", F1410) -> #N/A
A1411: ידע כללי | B1411: $F$5 | C1411: יניב שפירא: 1 = יולי אדלשטיין 2 = תשובה לא נכונה 3 = לא יודע | D1411: scale | E1411: 1 = יולי אדלשטיין 2 = תשובה לא נכונה 3 = לא יודע | F1411: {=INDIRECT("'" & A1411 & "'!" & B1411)} -> v112 | G1411: {=INDIRECT("'" & A1411 & "'!" & ADDRESS(1, COLUMN(INDIRECT("'" & A1411 & "'!" & B1411))))} -> 43556 | H1411: =VLOOKUP($G1411, survey_codes_dict!A:C, 2, FALSE) -> #N/A | I1411: =VLOOKUP($G1411, survey_codes_dict!A:D, 4, FALSE) -> #N/A | J1411: =_xlfn.CONCAT($H1411, "__", F1411) -> #N/A | K1411: =_xlfn.CONCAT($I1411, "__", F1411) -> #N/A
A1412: ידע כללי | B1412: $G$5 | C1412: יניב שפירא: 1 = יולי אדלשטיין 2 = לא נכון 8 = לא יודע | D1412: scale | E1412: 1 = יולי אדלשטיין 2 = לא נכון 8 = לא יודע | F1412: {=INDIRECT("'" & A1412 & "'!" & B1412)} -> v110 | G1412: {=INDIRECT("'" & A1412 & "'!" & ADDRESS(1, COLUMN(INDIRECT("'" & A1412 & "'!" & B1412))))} -> 2015 | H1412: =VLOOKUP($G1412, survey_codes_dict!A:C, 2, FALSE) -> #N/A | I1412: =VLOOKUP($G1412, survey_codes_dict!A:D, 4, FALSE) -> #N/A | J1412: =_xlfn.CONCAT($H1412, "__", F1412) -> #N/A | K1412: =_xlfn.CONCAT($I1412, "__", F1412) -> #N/A
A1413: ידע כללי | B1413: $F$6 | C1413: יניב שפירא: 1 = לא יודע 2 = ברזיל 3 = סעודיה 4 = צפון קוריאה 5 = צ'אד (תשובה נכונה) | D1413: scale | E1413: 1 = לא יודע 2 = ברזיל 3 = סעודיה 4 = צפון קוריאה 5 = צ'אד (תשובה נכונה) | F1413: {=INDIRECT("'" & A1413 & "'!" & B1413)} -> v113 | G1413: {=INDIRECT("'" & A1413 & "'!" & ADDRESS(1, COLUMN(INDIRECT("'" & A1413 & "'!" & B1413))))} -> 43556 | H1413: =VLOOKUP($G1413, survey_codes_dict!A:C, 2, FALSE) -> #N/A | I1413: =VLOOKUP($G1413, survey_codes_dict!A:D, 4, FALSE) -> #N/A | J1413: =_xlfn.CONCAT($H1413, "__", F1413) -> #N/A | K1413: =_xlfn.CONCAT($I1413, "__", F1413) -> #N/A
A1414: ידע כללי | B1414: $G$7 | C1414: יניב שפירא: 1 = פחות מ10% 2 = בין 10% ל40% 3 = בין 40% ל75% 4 = יותר מ75% 8 = לא יודע | D1414: scale | E1414: 1 = פחות מ10% 2 = בין 10% ל40% 3 = בין 40% ל75% 4 = יותר מ75% 8 = לא יודע | F1414: {=INDIRECT("'" & A1414 & "'!" & B1414)} -> v109 | G1414: {=INDIRECT("'" & A1414 & "'!" & ADDRESS(1, COLUMN(INDIRECT("'" & A1414 & "'!" & B1414))))} -> 2015 | H1414: =VLOOKUP($G1414, survey_codes_dict!A:C, 2, FALSE) -> #N/A | I1414: =VLOOKUP($G1414, survey_codes_dict!A:D, 4, FALSE) -> #N/A | J1414: =_xlfn.CONCAT($H1414, "__", F1414) -> #N/A | K1414: =_xlfn.CONCAT($I1414, "__", F1414) -> #N/A
A1415: ידע כללי | B1415: $P$8 | C1415: יניב שפירא: 1 = ישראל 2 = צרפת 3 = ארה"ב 4 = בריטניה | D1415: scale | E1415: 1 = ישראל 2 = צרפת 3 = ארה"ב 4 = בריטניה | F1415: {=INDIRECT("'" & A1415 & "'!" & B1415)} -> a25 | G1415: {=INDIRECT("'" & A1415 & "'!" & ADDRESS(1, COLUMN(INDIRECT("'" & A1415 & "'!" & B1415))))} -> 1987* | H1415: =VLOOKUP($G1415, survey_codes_dict!A:C, 2, FALSE) -> #N/A | I1415: =VLOOKUP($G1415, survey_codes_dict!A:D, 4, FALSE) -> #N/A | J1415: =_xlfn.CONCAT($H1415, "__", F1415) -> #N/A | K1415: =_xlfn.CONCAT($I1415, "__", F1415) -> #N/A
A1416: ידע כללי | B1416: $P$9 | C1416: יניב שפירא: 1 = פחות ממיליארד דולר בשנה 2 = בין 1-2 מיליארד דולר בשנה 3 = בין 3-5 מיליארד דולר בשנה 4 = יותר מ-5 מיליארד דולר בשנה | D1416: scale | E1416: 1 = פחות ממיליארד דולר בשנה 2 = בין 1-2 מיליארד דולר בשנה 3 = בין 3-5 מיליארד דולר בשנה 4 = יותר מ-5 מיליארד דולר בשנה | F1416: {=INDIRECT("'" & A1416 & "'!" & B1416)} -> a26 | G1416: {=INDIRECT("'" & A1416 & "'!" & ADDRESS(1, COLUMN(INDIRECT("'" & A1416 & "'!" & B1416))))} -> 1987* | H1416: =VLOOKUP($G1416, survey_codes_dict!A:C, 2, FALSE) -> #N/A | I1416: =VLOOKUP($G1416, survey_codes_dict!A:D, 4, FALSE) -> #N/A | J1416: =_xlfn.CONCAT($H1416, "__", F1416) -> #N/A | K1416: =_xlfn.CONCAT($I1416, "__", F1416) -> #N/A
... A1472: ערבים בלבד | B1472: $C$16 | C1472: יניב שפירא: 1 = מאד מסכים 2 = די מסכים 3 = לא כ"כ מסכים 4 = לא מסכים כלל | D1472: scale | E1472: 1 = מאד מסכים 2 = די מסכים 3 = לא כ"כ מסכים 4 = לא מסכים כלל | F1472: {=INDIRECT("'" & A1472 & "'!" & B1472)} -> v605 | G1472: {=INDIRECT("'" & A1472 & "'!" & ADDRESS(1, COLUMN(INDIRECT("'" & A1472 & "'!" & B1472))))} -> 2021 | H1472: =VLOOKUP($G1472, survey_codes_dict!A:C, 2, FALSE) -> #N/A | I1472: =VLOOKUP($G1472, survey_codes_dict!A:D, 4, FALSE) -> #N/A | J1472: =_xlfn.CONCAT($H1472, "__", F1472) -> #N/A | K1472: =_xlfn.CONCAT($I1472, "__", F1472) -> #N/A

Sheet survey_codes_dict
A1: INDEX | B1: CODEBOOK | C1: INDEX-MISSING | D1: PrevCodebook | J1: WXL_SURVEY_ID | K1: DTA_SURVEY_ID | L1: year | M1: iteration | N1: SERIAL_NUM
A2: 1969 - 1 | B2: 1969_1 | J2: 1969 - 1 | K2: 1969-1 | L2: 1969 - 1 | M2: 1 | N2: 1
A3: 1969 - 2 | B3: 1969_2 | D3: 1969_1 | J3: 1969 - 2 | K3: 1969-2 | L3: 1969 - 2 | M3: 2 | N3: 2
A4: 1973 - 1 | B4: 1973_1 | D4: 1969_2 | J4: 1969 - 3 | K4: 1969-3 | L4: 1969 - 3 | M4: 3 | N4: 3
A5: 1973 - 2 | B5: 1973_2 | D5: 1973_1 | J5: 1973 - 1 | K5: 1973-1 | L5: 1973 - 1 | M5: 1 | N5: 4
A6: 1973 - 3 | B6: 1973_3 | D6: 1973_2 | J6: 1973 - 2 | K6: 1973-2 | L6: 1973 - 2 | M6: 2 | N6: 5
A7: 1973 - 4 | B7: 1973_4 | D7: 1973_3 | J7: 1973 - 3 | K7: 1973-3 | L7: 1973 - 3 | M7: 3 | N7: 6
A8: 1973 - 5 | B8: 1973_5 | D8: 1973_4 | J8: 1973 - 4 | K8: 1973-4 | L8: 1973 - 4 | M8: 4 | N8: 7
A9: 1977 - 1 | B9: 1977_1 | D9: 1973_5 | J9: 1973 - 5 | K9: 1973-5 | L9: 1973 - 5 | M9: 5 | N9: 8
A10: 1977 - 2 | B10: 1977_2 | D10: 1977_1 | J10: 1977 - 1 | K10: 1977-1 | L10: 1977 - 1 | M10: 1 | N10: 9
A11: 1977 - 3 | B11: 1977_3 | D11: 1977_2 | J11: 1977 - 2 | K11: 1977-2 | L11: 1977 - 2 | M11: 2 | N11: 10
A12: 1977 - 4 | B12: 1977_4 | D12: 1977_3 | J12: 1977 - 3 | K12: 1977-3 | L12: 1977 - 3 | M12: 3 | N12: 11
A13: 1981 - 1 | B13: 1981_1 | D13: 1977_4 | J13: 1977 - 4 | K13: 1977-4 | L13: 1977 - 4 | M13: 4 | N13: 12
A14: 1981 - 2 | D14: 1981_1 | J14: 1981 - 1 | K14: 1981-1 | L14: 1981 - 1 | M14: 1 | N14: 13
A15: 1981 - 3 | B15: 1981_3 | J15: 1981 - 2 | L15: 1981 - 2 | M15: 2 | N15: 14
A16: 1984 | B16: 1984 | D16: 1981_3 | J16: 1981 - 3 | K16: 1981-3 | L16: 1981 - 3 | M16: 3 | N16: 15
A17: 1988 | B17: 1988_Panel_N=416 | D17: 1984 | J17: 1984 | K17: 1984 | L17: 1984 | N17: 16
A18: 1988* | B18: 1988_N=873 | D18: 1988_Panel_N=416 | J18: 1987* | L18: 1987* | M18: 1 | N18: 17
A19: 1992 | B19: 1992 | D19: 1988_N=873 | J19: 1988 | K19: 1988_Panel_N=416 | L19: 1988 | M19: 2 | N19: 18
A20: 1996 | B20: 1996_Jews | D20: 1992 | J20: 1988* | K20: 1988_N=873 | L20: 1988* | M20: 2 | N20: 19
A21: 1999 | B21: 1999_1 | D21: 1996_Jews | J21: 1992 | K21: 1992 | L21: 1992 | N21: 20
A22: 2001 | B22: 2001 | D22: 1999_1 | J22: 1996 | K22: 1996j | L22: 1996 | N22: 21
A23: 2003 | B23: 2003 | D23: 2001 | J23: 1999 | K23: 1999-1 | L23: 1999 | N23: 22
A24: 2006 | B24: 2006 | D24: 2003 | J24: 2001 | K24: 2001 | L24: 2001 | N24: 23
C25: שאלה | J25: 2003 | K25: 2003 | L25: 2003 | N25: 24
C26: 1969 - 3 | J26: 2006 | K26: 2006 | L26: 2006 | N26: 25
C27: 1987* | J27: 2009 | K27: 2009 | L27: 2009 | N27: 26
C28: 2009 | J28: 2013 | K28: 2013 | L28: 2013 | N28: 27
C29: 2013 | J29: 2015 | K29: 2015 | L29: 2015 | N29: 28
C30: 2015 | J30: 43556 | K30: Apr-Sep_2019_update_STATA | L30: 43556 | M30: 1 | N30: 29
C31: 43556 | H31: 43556 | J31: 43709 | K31: Apr-Sep_2019_update_STATA | L31: 43709 | M31: 2 | N31: 30
C32: 43709 | H32: 43709 | J32: 2020 | K32: March_2020_data | L32: 2020 | M32: 3 | N32: 31
C33: 2020 | J33: 2021 | K33: March_2021_data_website_STATA | L33: 2021 | M33: 4 | N33: 32
C34: 2021 | J34: 2022 | K34: 2022_STATA | L34: 2022 | N34: 33
C35: 2022

Sheet דמוגרפיה
A1: שאלה | B1: 2022 | C1: 2021 | D1: 2020 | E1: 43709 | F1: 43556 | G1: 2015 | H1: 2013 | I1: 2009 | J1: 2006 | K1: 2003 | L1: 2001 | M1: 1999 | N1: 1996 | O1: 1992 | P1: 1987* | Q1: 1988* | R1: 1988 | S1: 1984 | T1: 1981 - 3 | U1: 1981 - 2 | V1: 1981 - 1 | W1: 1977 - 4 | X1: 1977 - 3 | Y1: 1977 - 2 | Z1: 1977 - 1 | AA1: 1973 - 5 | AB1: 1973 - 4 | AC1: 1973 - 3 | AD1: 1973 - 2 | AE1: 1973 - 1 | AF1: 1969 - 3 | AG1: 1969 - 2 | AH1: 1969 - 1 | AJ1: מספר חזרות | AL1: ספירה 84-19 | AN1: סה"כ מעל שתי חזרות
A2: ID | B2: ID | C2: resp_id | D2: id | E2: c_resp_id_~e | F2: resp_id | G2: ID | H2: id | J2: caseid | K2: id1 | L2: a1 | M2: v1 | O2: a1 | P2: v1 | S2: v1 | T2: v1 | U2: v1 | V2: v1 | W2: v1 | X2: v1 | Y2: v1 | Z2: v1 | AA2: v1 | AB2: v1 | AC2: v1 | AD2: v1 | AE2: v1 | AF2: b2 | AG2: a2 | AH2: a1 | AJ2: =COUNTA(B2:AH2) -> 29 | AL2: =COUNTA(F2:O2,R2:S2) -> 9 | AN2: =COUNTIF(AL2:AL87,">=2") -> 43
A3: תאריך | B3: date | C3: date | D3: date | E3: c_date_before | F3: date | G3: date | H3: date | L3: b51 | M3: c41 | N3: cccc26 | O3: i70 | Q3: c66 | R3: g91 | U3: a161 | Z3: v3 | AA3: h66 | AB3: g68 | AF3: c60 | AG3: d32 | AJ3: =COUNTA(B3:AH3) -> 19 | AL3: =COUNTA(F3:O3,R3:S3) -> 8
A4: תאריך פוסט בחירות | B4: date_after | C4: date_after | D4: date_after | E4: d_date_after | F4: date_after | G4: after_date | H4: a_date | AJ4: =COUNTA(B4:AH4) -> 7 | AL4: =COUNTA(F4:O4,R4:S4) -> 3
A5: מקום הראיון | G5: v146 | H5: v151 | I5: v193 | J5: c90 | K5: b93 | L5: b48 | M5: c40 | N5: cccc28 | O5: i68 | Q5: c64 | R5: g87 | S5: a65 | T5: b159 | U5: a160 | V5: v151 | Z5: v2 | AA5: h65 | AB5: g67 | AF5: c57 | AG5: d29 | AJ5: =COUNTA(B5:AH5) -> 20 | AL5: =COUNTA(F5:O5,R5:S5) -> 11
A6: סקטור | B6: sector | C6: sector | D6: sector | E6: c149 | F6: v149 | G6: v148 | H6: v153 | I6: v195 | M6: cccc41 | AJ6: =COUNTA(B6:AH6) -> 9 | AL6: =COUNTA(F6:O6,R6:S6) -> 5
A7: פאנל | I7: panel | Q7: c67 | R7: g93 | AJ7: =COUNTA(B7:AH7) -> 3 | AL7: =COUNTA(F7:O7,R7:S7) -> 2
A8: גרסה | B8: VERSION | E8: girsa_c | F8: version | G8: version | H8: version | I8: version | J8: c94 | K8: b99 | AJ8: =COUNTA(B8:AH8) -> 8 | AL8: =COUNTA(F8:O8,R8:S8) -> 6
A9: שפה | B9: LANGUAGE | L9: b55 | AJ9: =COUNTA(B9:AH9) -> 2 | AL9: =COUNTA(F9:O9,R9:S9) -> 1
A10: גיל | B10: age | C10: age | D10: age | F10: age | G10: age | H10: age | I10: age_1 | J10: c54 | K10: b74 | L10: b24 | M10: c20 | N10: ccc57 | O10: i61 | P10: a95 | Q10: c57 | R10: g78 | S10: a54 | T10: b137 | U10: a151 | V10: v134 | W10: c24 | X10: b17 | Y10: a17 | Z10: v116 | AA10: h60 | AB10: g62 | AC10: f54 | AD10: e17 | AE10: b25 | AF10: c30 | AG10: d11 | AH10: c79 | AJ10: =COUNTA(B10:AH10) -> 32 | AL10: =COUNTA(F10:O10,R10:S10) -> 12
A11: עדה | N11: sephashk | AJ11: =COUNTA(B11:AH11) -> 1 | AL11: =COUNTA(F11:O11,R11:S11) -> 1
A12: לאיזו קבוצת גיל אתה משתייך? | B12: age_group | C12: agegroup | D12: agegroup | F12: agegroup | G12: agegroup | H12: age_group | I12: agegroup_1 | AJ12: =COUNTA(B12:AH12) -> 7 | AL12: =COUNTA(F12:O12,R12:S12) -> 4
A13: מגדר | B13: sex | C13: gender | D13: gender | F13: gender | G13: sex | H13: sex | I13: sex_1 | J13: c89 | K13: b92 | L13: b47 | M13: c39 | N13: ccc56 | O13: i67 | P13: a119 | R13: g104 | S13: a58 | T13: b138 | U13: a146 | V13: v135 | W13: c19 | X13: b12 | Y13: a12 | Z13: v111 | AA13: h57 | AB13: g59 | AC13: f52 | AD13: e16 | AE13: b23 | AF13: c29 | AG13: d4 | AH13: c71 | AJ13: =COUNTA(B13:AH13) -> 31 | AL13: =COUNTA(F13:O13,R13:S13) -> 12
A14: מהי השכלתך? | B14: educ | C14: educ | D14: educ | F14: educ | G14: v128 | H14: v137 | AJ14: =COUNTA(B14:AH14) -> 6 | AL14: =COUNTA(F14:O14,R14:S14) -> 3
A15: כמה שנים למדת במסגרת מסודרת? | G15: v127 | H15: v136 | I15: v181_1 | J15: c75 | K15: b82 | L15: b38 | M15: c28 | N15: ccc63 | O15: i62 | P15: a99 | Q15: c58 | R15: g80 | S15: a53 | T15: b139 | U15: a147 | V15: v136 | W15: c20 | X15: b13 | Y15: a13 | Z15: v112 | AA15: h59 | AB15: g61 | AC15: f53 | AE15: b26 | AF15: c32 | AG15: d16 | AH15: c85 | AJ15: =COUNTA(B15:AH15) -> 27 | AL15: =COUNTA(F15:O15,R15:S15) -> 11
A16: האם אתה אזרח ישראלי? | B16: CITIZEN | D16: v5 | F16: v5 | G16: v5 | H16: v5 | I16: v5 | AJ16: =COUNTA(B16:AH16) -> 6 | AL16: =COUNTA(F16:O16,R16:S16) -> 4
A17: באיזו ארץ נולדת? | G17: v115 | I17: v176 | J17: c57 | AF17: c43 | AG17: d5 | AH17: c73 | AJ17: =COUNTA(B17:AH17) -> 6 | AL17: =COUNTA(F17:O17,R17:S17) -> 3
A18: ארץ לידה/מוצא אב | B18: v513 | C18: v513 | D18: v513 | F18: v131 | G18: v117 | H18: v133 | K18: b77 | L18: b33 | M18: c26 | N18: ccc59 | O18: i52 | P18: a97 | Q18: c48 | R18: g68 | S18: a49 | T18: b140 | U18: a157 | V18: v137 | W18: a29 | X18: b22 | Y18: a22 | Z18: v123 | AA18: h64 | AB18: g66 | AC18: f58 | AD18: e19 | AE18: b38 | AF18: c45 | AG18: d8 | AH18: c76 | AJ18: =COUNTA(B18:AH18) -> 30 | AL18: =COUNTA(F18:O18,R18:S18) -> 10
A19: אם לא נולד בארץ, באיזו שנה עלית ארצה? | B19: v134 | C19: v134 | D19: v134 | F19: v134 | G19: v118 | H19: v134 | I19: v177 | J19: c60 | K19: b79 | L19: b35 | M19: c27 | N19: ccc61 | O19: i53 | P19: a98 | Q19: c49 | R19: g70 | S19: a50 | T19: b141 | U19: a158 | V19: v138 | W19: c30 | X19: b23 | Y19: a23 | Z19: v124 | AE19: b39 | AF19: c48 | AG19: d15 | AH19: c84 | AJ19: =COUNTA(B19:AH19) -> 28 | AL19: =COUNTA(F19:O19,R19:S19) -> 12
A20: כיצד היית מגדיר את עצמך? (עדה) | B20: v131 | D20: v135 | F20: v135 | G20: v120 | N20: ccc55 | O20: i51 | P20: a96 | Q20: c47 | R20: g67 | S20: a47 | AJ20: =COUNTA(B20:AH20) -> 10 | AL20: =COUNTA(F20:O20,R20:S20) -> 6
A21: האם נולדת באחת מארצות ברה"מ ועלית ארצה אחרי 1988? | L21: b37 | AJ21: =COUNTA(B21:AH21) -> 1 | AL21: =COUNTA(F21:O21,R21:S21) -> 1
A22: איזה מבין המונחים הבאים מגדיר בצורה הטובה ביותר את זהותך? | B22: v707a | I22: v164 | J22: c43 | L22: b29 | M22: c22 | N22: ccc47 | AJ22: =COUNTA(B22:AH22) -> 6 | AL22: =COUNTA(F22:O22,R22:S22) -> 5
A23: והשני? | B23: v707b | I23: v165 | J23: c44 | L23: b30 | M23: c23 | N23: ccc48 | AJ23: =COUNTA(B23:AH23) -> 6 | AL23: =COUNTA(F23:O23,R23:S23) -> 5
A24: והשלישי? | B24: v707c | I24: v166 | J24: c45 | L24: b31 | M24: c24 | N24: ccc49 | AJ24: =COUNTA(B24:AH24) -> 6 | AL24: =COUNTA(F24:O24,R24:S24) -> 5
A25: והרביעי? | I25: v167 | J25: c46 | L25: b32 | M25: c25 | N25: ccc50 | AJ25: =COUNTA(B25:AH25) -> 5 | AL25: =COUNTA(F25:O25,R25:S25) -> 5
A26: האם למדת את לימודייך התיכוניים או העל-תיכוניים במסגרת דתית כלשהי? | B26: v137 | C26: v137 | D26: v137 | F26: v137 | G26: v129 | H26: v138 | AJ26: =COUNTA(B26:AH26) -> 6 | AL26: =COUNTA(F26:O26,R26:S26) -> 3
A27: ההוצאה החודשית הממוצעת של משפחה בישראל היא כ-16,500 ₪. בהתחשב בכל ההוצאות של משפחתכם, האם אתם מוציאים: | B27: v139 | C27: v139 | D27: v139 | F27: v139 | G27: v134 | I27: v184 | J27: c80 | K27: b85 | L27: b41 | M27: c30 | N27: ccc74 | O27: i65 | P27: a105 | Q27: c62 | R27: g85 | S27: a55 | AJ27: =COUNTA(B27:AH27) -> 16 | AL27: =COUNTA(F27:O27,R27:S27) -> 11
A28: כמה כסף מוציאה המשפחה שלכם בממוצע בחודש? | T28: b158 | V28: v150 | AJ28: =COUNTA(B28:AH28) -> 2 | AL28: =COUNTA(F28:O28,R28:S28) -> 0
A29: מה מספר החדרים שיש לכם בבית? | B29: v140 | C29: v140 | D29: v140 | F29: v140 | G29: v135 | H29: v146 | I29: v186 | J29: c82 | K29: b87 | L29: b42 | M29: c34 | N29: ccc65 | O29: i63 | P29: a106 | Q29: c60 | R29: g83 | T29: b149 | U29: a148 | V29: v144 | W29: c21 | X29: b14 | Y29: a14 | Z29: v113 | AE29: b40 | AJ29: =COUNTA(B29:AH29) -> 24 | AL29: =COUNTA(F29:O29,R29:S29) -> 11
A30: מה מספר הנפשות המתגוררות בבית? (כולל חיילים) | B30: v141 | C30: v141 | D30: v141 | F30: v141 | G30: v136 | H30: v147 | I30: v187 | J30: c84 | K30: b88 | L30: b44 | M30: c35 | N30: ccc67 | O30: i64 | P30: a107 | Q30: c61 | R30: g84 | T30: b151 | U30: a149 | V30: v145 | W30: c22 | X30: b15 | Y30: a15 | Z30: v114 | AE30: b41 | AF30: c52 | AJ30: =COUNTA(B30:AH30) -> 25 | AL30: =COUNTA(F30:O30,R30:S30) -> 11
A31: צפיפות בבית | S31: a57 | AF31: c50 | AG31: d26 | AH31: c56 | AJ31: =COUNTA(B31:AH31) -> 4 | AL31: =COUNTA(F31:O31,R31:S31) -> 1
A32: מהי דתך? | B32: v143_code | C32: v143_code | D32: v143_code | F32: v143_code | G32: v138 | H32: v149 | I32: v189_1 | J32: c87 | K32: b90 | L32: b28 | N32: ccc75 | AJ32: =COUNTA(B32:AH32) -> 11 | AL32: =COUNTA(F32:O32,R32:S32) -> 8
A33: כיצד היית מגדיר את עצמך מבחינה דתית? | B33: v144 | C33: v144 | D33: v144 | F33: v144 | G33: v139 | H33: v150 | I33: v190 | J33: c88 | K33: b91 | L33: b27 | M33: c38 | AJ33: =COUNTA(B33:AH33) -> 11 | AL33: =COUNTA(F33:O33,R33:S33) -> 8
A34: מהו מצבך המשפחתי? | F34: v129 | G34: v111 | H34: v126 | O34: i54 | P34: a69 | Q34: c24 | R34: g34 | T34: b144 | U34: a154 | V34: v142 | Z34: v119 | AD34: e18 | AE34: b43 | AF34: c36 | AG34: d13 | AH34: c81 | AJ34: =COUNTA(B34:AH34) -> 16 | AL34: =COUNTA(F34:O34,R34:S34) -> 5
A35: באיזו מידה אתה נוהג לשמור על המסורת הדתית? | B35: v130 | F35: v130 | G35: v114 | H35: v132 | I35: v175 | J35: c56 | K35: b76 | L35: b26 | M35: c21 | N35: ccc70 | O35: i50 | P35: a100 | Q35: c46 | R35: g66 | S35: a48 | T35: b145 | U35: a155 | V35: v143 | W35: c26 | X35: b19 | Y35: a19 | Z35: v120 | AA35: h62 | AB35: g64 | AC35: f56 | AE35: b37 | AF35: c20 | AG35: c30 | AH35: c49 | AJ35: =COUNTA(B35:AH35) -> 29 | AL35: =COUNTA(F35:O35,R35:S35) -> 12
A36: האם אתה נוסע בשבת? | T36: b146 | AH36: c68 | AJ36: =COUNTA(B36:AH36) -> 2 | AL36: =COUNTA(F36:O36,R36:S36) -> 0
A37: האם אתה אוכל רק אוכל כשר? | T37: b147 | AH37: c70 | AJ37: =COUNTA(B37:AH37) -> 2 | AL37: =COUNTA(F37:O37,R37:S37) -> 0
A38: כמה פעמים בשנה אתה נוהג לבקר בבית כנסת? | T38: b148 | AG38: c29 | AJ38: =COUNTA(B38:AH38) -> 2 | AL38: =COUNTA(F38:O38,R38:S38) -> 0
A39: היכן נולד אביך? | F39: v132 | G39: v116 | I39: v179 | J39: c69 | AF39: c44 | AG39: d7 | AH39: c74 | AJ39: =COUNTA(B39:AH39) -> 7 | AL39: =COUNTA(F39:O39,R39:S39) -> 4
A40: היכן נולדה אמך? | F40: v133 | I40: v180 | J40: c72 | AF40: c47 | AG40: d10 | AH40: c77 | AJ40: =COUNTA(B40:AH40) -> 6 | AL40: =COUNTA(F40:O40,R40:S40) -> 3
A41: האם אתה עובד מחוץ למשק הבית? | M41: c31 | N41: ccc71 | P41: a109 | S41: a59 | AJ41: =COUNTA(B41:AH41) -> 4 | AL41: =COUNTA(F41:O41,R41:S41) -> 3
A42: מהו מצבך התעסוקתי? | G42: v130 | H42: v139 | M42: c32 | N42: ccc72 | O42: i66 | P42: a110 | Q42: c63 | R42: g86 | S42: a60 | T42: b142 | U42: a156 | V42: v139 | W42: c27 | X42: b20 | Y42: a20 | Z42: v121 | AE42: b29 | AJ42: =COUNTA(B42:AH42) -> 17 | AL42: =COUNTA(F42:O42,R42:S42) -> 7
A43: מהו המצב התעסוקתי של בן/בת זוגך? | V43: v140 | W43: c28 | X43: b21 | Y43: a21 | Z43: v122 | AJ43: =COUNTA(B43:AH43) -> 5 | AL43: =COUNTA(F43:O43,R43:S43) -> 0
A44: באיזו ארץ נולד/ה בן/בת זוגך? | AF44: c54 | AG44: d14 | AH44: c82 | AJ44: =COUNTA(B44:AH44) -> 3 | AL44: =COUNTA(F44:O44,R44:S44) -> 0
A45: מהי ההשכלה של בן/בת זוגך? | AF45: c55 | AG45: d18 | AH45: c87 | AJ45: =COUNTA(B45:AH45) -> 3 | AL45: =COUNTA(F45:O45,R45:S45) -> 0
A46: האם אתה עובד במשרה מלאה או חלקית? | G46: v131 | H46: v140 | AJ46: =COUNTA(B46:AH46) -> 2 | AL46: =COUNTA(F46:O46,R46:S46) -> 2
A47: תאר בצורה מפורטת את עיסוקך או את עבודתך העיקרית | B47: v138_code | F47: v138_code | G47: v132 | H47: v141 | I47: v183 | J47: c78 | AA47: h63 | AB47: g65 | AC47: f57 | AE47: b28 | AG47: d24 | AJ47: =COUNTA(B47:AH47) -> 11 | AL47: =COUNTA(F47:O47,R47:S47) -> 5
A48: באיזה מגזר אתה עובד או עבדת? | G48: v133 | H48: v142 | AJ48: =COUNTA(B48:AH48) -> 2 | AL48: =COUNTA(F48:O48,R48:S48) -> 2
A49: האם אתה מודאג שתאבד את מקום העבודה או מקור הפרנסה שלך? | I49: v185 | J49: c81 | K49: b86 | M49: c33 | AJ49: =COUNTA(B49:AH49) -> 4 | AL49: =COUNTA(F49:O49,R49:S49) -> 4
A50: לאיזה מעמד חברתי אתה משייך את עצמך? | F50: v142 | G50: v137 | H50: v148 | I50: v188 | J50: c86 | K50: b89 | M50: c37 | N50: ccc73 | P50: a108 | Q50: c59 | R50: g82 | S50: a56 | T50: b143 | U50: a153 | V50: v141 | Z50: v118 | AF50: c22 | AG50: c42 | AH50: c58 | AJ50: =COUNTA(B50:AH50) -> 19 | AL50: =COUNTA(F50:O50,R50:S50) -> 10
A51: האם יש לך ילדים? | G51: v112 | H51: v127 | AJ51: =COUNTA(B51:AH51) -> 2 | AL51: =COUNTA(F51:O51,R51:S51) -> 2
A52: אם כן, כמה ילדים? | G52: v112_a | AF52: c51 | AJ52: =COUNTA(B52:AH52) -> 2 | AL52: =COUNTA(F52:O52,R52:S52) -> 1
A53: האם יש לך ילדים בקבוצת הגיל הבאה: עד גיל 16 | P53: a102 | AJ53: =COUNTA(B53:AH53) -> 1 | AL53: =COUNTA(F53:O53,R53:S53) -> 0
A54: האם יש לך ילדים בקבוצת הגיל הבאה: 16-18 | P54: a103 | AJ54: =COUNTA(B54:AH54) -> 1 | AL54: =COUNTA(F54:O54,R54:S54) -> 0
A55: האם יש לך ילדים בקבוצת הגיל הבאה: 19-23 | P55: a104 | AJ55: =COUNTA(B55:AH55) -> 1 | AL55: =COUNTA(F55:O55,R55:S55) -> 0
A56: האם יש לך ילדים שחיים איתך בבית? | G56: v113 | H56: v128 | AJ56: =COUNTA(B56:AH56) -> 2 | AL56: =COUNTA(F56:O56,R56:S56) -> 2
A57: חשוב על הכנסותיהם של כל בני הבית ועל כל ההכנסות במתקבלות במשק הבית בכללו. מהו מקור ההכנסה העיקרי של משק הבית שלך? | H57: v143 | AJ57: =COUNTA(B57:AH57) -> 1 | AL57: =COUNTA(F57:O57,R57:S57) -> 1
A58: מהי ההכנסה של משק הבית שלך מכל המקורות, אחרי ניכוי מיסים וניכויי חובה אחרים? | H58: v144 | U58: a152 | W58: c25 | X58: b18 | Y58: a18 | Z58: v117 | AE58: b35 | AF58: c40 | AG58: d27 | AH58: c67 | AJ58: =COUNTA(B58:AH58) -> 10 | AL58: =COUNTA(F58:O58,R58:S58) -> 1
A59: איזה חלק מההכנסה של משק הבית מהווה ההכנסה שלך? | H59: v145 | AJ59: =COUNTA(B59:AH59) -> 1 | AL59: =COUNTA(F59:O59,R59:S59) -> 1
A60: מהי ההכנסה החודשית ברוטו שלך בלבד? | W60: c23 | X60: b16 | Y60: a16 | Z60: v115 | AA60: h61 | AB60: g63 | AC60: f55 | AE60: b34 | AJ60: =COUNTA(B60:AH60) -> 8 | AL60: =COUNTA(F60:O60,R60:S60) -> 0
A61: האם יש לך תואר אקדמי? | I61: v182 | J61: c77 | K61: b84 | L61: b40 | M61: c29 | AJ61: =COUNTA(B61:AH61) -> 5 | AL61: =COUNTA(F61:O61,R61:S61) -> 5
A62: מהו מוסד הלימודים האחרון בו למדת? | I62: v191 | AJ62: =COUNTA(B62:AH62) -> 1 | AL62: =COUNTA(F62:O62,R62:S62) -> 1
A63: באיזו עיר בברה"מ לשעבר גרת לפני שעלית ארצה? | J63: c63 | AJ63: =COUNTA(B63:AH63) -> 1 | AL63: =COUNTA(F63:O63,R63:S63) -> 1
A64: מה היה הלאום שהיה רשום בפספורט הסובייטי הפנימי שלך? | J64: c65 | AJ64: =COUNTA(B64:AH64) -> 1 | AL64: =COUNTA(F64:O64,R64:S64) -> 1
A65: לגבי החברים שלך בארץ, היית אומר שהרוב: | J65: c67 | AJ65: =COUNTA(B65:AH65) -> 1 | AL65: =COUNTA(F65:O65,R65:S65) -> 1
A66: האם שירתת בצה"ל או שהינך משרת בצה"ל? | O66: i59 | P66: a83 | Q66: c54 | R66: g75 | AH66: c65 | AJ66: =COUNTA(B66:AH66) -> 5 | AL66: =COUNTA(F66:O66,R66:S66) -> 2
A67: האם אתה משרת כיום במילואים? | P67: a84 | Q67: c55 | R67: g76 | AJ67: =COUNTA(B67:AH67) -> 3 | AL67: =COUNTA(F67:O67,R67:S67) -> 1
A68: כמה ימי מילואים שירתת בשנה האחרונה? | P68: a85 | AJ68: =COUNTA(B68:AH68) -> 1 | AL68: =COUNTA(F68:O68,R68:S68) -> 0
A69: האם במילואים אתה משרת/שירתת בתפקיד קרבי או לא קרבי? | P69: a86 | AJ69: =COUNTA(B69:AH69) -> 1 | AL69: =COUNTA(F69:O69,R69:S69) -> 0
A70: כמה שנים שיררת בשירות סדיר? | P70: a87 | AJ70: =COUNTA(B70:AH70) -> 1 | AL70: =COUNTA(F70:O70,R70:S70) -> 0
A71: האם בשירות הסדיר היית בתפקיד קרבי או לא קרבי? | P71: a88 | AJ71: =COUNTA(B71:AH71) -> 1 | AL71: =COUNTA(F71:O71,R71:S71) -> 0
A72: מהי דרגתך הצבאית כיום או באיזו דרגה השתחררת משירות מילואים? | P72: a90 | AJ72: =COUNTA(B72:AH72) -> 1 | AL72: =COUNTA(F72:O72,R72:S72) -> 0
A73: מי ראש המשפחה? | AE73: b24 | AJ73: =COUNTA(B73:AH73) -> 1 | AL73: =COUNTA(F73:O73,R73:S73) -> 0
A74: כמה שנים אביך למד בבית ספר או בכל מסגרת אחרת? | AE74: b27 | AF74: c33 | AG74: d19 | AH74: c88 | AJ74: =COUNTA(B74:AH74) -> 4 | AL74: =COUNTA(F74:O74,R74:S74) -> 0
A75: כמה שנים אימך למדה בבית ספר או בכל מסגרת אחרת? | AF75: c34 | AG75: d21 | AH75: c90 | AJ75: =COUNTA(B75:AH75) -> 3 | AL75: =COUNTA(F75:O75,R75:S75) -> 0
A76: מה המקצוע של ראש המשפחה? | AE76: b30 | AF76: c37 | AJ76: =COUNTA(B76:AH76) -> 2 | AL76: =COUNTA(F76:O76,R76:S76) -> 0
A77: מה מצבו התעסוקתי של ראש המשפחה? | AE77: b31 | AF77: c36 | AJ77: =COUNTA(B77:AH77) -> 2 | AL77: =COUNTA(F77:O77,R77:S77) -> 0
A78: מי הם בעלי המפעל בו אתה עובד? | AE78: b32 | AJ78: =COUNTA(B78:AH78) -> 1 | AL78: =COUNTA(F78:O78,R78:S78) -> 0
A79: האם המפעל בו אתה עובד הוא תעשייתי? | AE79: b33 | AJ79: =COUNTA(B79:AH79) -> 1 | AL79: =COUNTA(F79:O79,R79:S79) -> 0
A80: האם אתה חבר הסתדרות? | O80: i57 | Q80: c52 | R80: g73 | T80: b123 | V80: v130 | Z80: v109 | AF80: c23 | AG80: c44 | AH80: c59 | AJ80: =COUNTA(B80:AH80) -> 9 | AL80: =COUNTA(F80:O80,R80:S80) -> 2
A81: האם יש לך ביטוח רפואי? | AE81: b36 | AJ81: =COUNTA(B81:AH81) -> 1 | AL81: =COUNTA(F81:O81,R81:S81) -> 0
A82: מהי השפה העיקרית המדוברת בביתך? | AF82: c41 | AG82: d23 | AH82: c91 | AJ82: =COUNTA(B82:AH82) -> 3 | AL82: =COUNTA(F82:O82,R82:S82) -> 0
A83: האם יש לך בבית מכונת כביסה? | AH83: c51 | AJ83: =COUNTA(B83:AH83) -> 1 | AL83: =COUNTA(F83:O83,R83:S83) -> 0
A84: האם יש בבעלותך מכונית? | AH84: c54 | AJ84: =COUNTA(B84:AH84) -> 1 | AL84: =COUNTA(F84:O84,R84:S84) -> 0
A85: האם בזמן הבחירות האחרונות גרת באותו מקום שאתה גר כיום? | AH85: c61 | AJ85: =COUNTA(B85:AH85) -> 1 | AL85: =COUNTA(F85:O85,R85:S85) -> 0
A86: האם היית חבר בתנועת נוער? | AE86: v17 | AH86: c62 | AJ86: =COUNTA(B86:AH86) -> 2 | AL86: =COUNTA(F86:O86,R86:S86) -> 0
A87: האם היית חבר קיבוץ? מאיזה זרם? | AH87: c64 | AJ87: =COUNTA(B87:AH87) -> 1 | AL87: =COUNTA(F87:O87,R87:S87) -> 0

Sheet ישראל כללי
A1: שאלה | B1: 2022 | C1: 2021 | D1: 2020 | E1: 43709 | F1: 43556 | G1: 2015 | H1: 2013 | I1: 2009 | J1: 2006 | K1: 2003 | L1: 2001 | M1: 1999 | N1: 1996 | O1: 1992 | P1: 1987* | Q1: 1988* | R1: 1988 | S1: 1984 | T1: 1981 - 3 | U1: 1981 - 2 | V1: 1981 - 1 | W1: 1977 - 4 | X1: 1977 - 3 | Y1: 1977 - 2 | Z1: 1977 - 1 | AA1: 1973 - 5 | AB1: 1973 - 4 | AC1: 1973 - 3 | AD1: 1973 - 2 | AE1: 1973 - 1 | AF1: 1969 - 3 | AG1: 1969 - 2 | AH1: 1969 - 1 | AJ1: מספר חזרות | AL1: ספירה 84-19 | AN1: סה"כ מעל שתי חזרות
A2: מהו לדעתך מצבה של ישראל באופן כללי? | B2: v6 | C2: v6 | D2: v6 | F2: v6 | G2: v6 | H2: v6 | I2: v6 | J2: a6 | K2: a6 | L2: a6 | M2: v3 | N2: c6 | O2: a2 | Q2: b2 | R2: f6 | S2: v2 | T2: b2 | U2: a2 | V2: v2 | Z2: v4 | AJ2: =COUNTA(B2:AH2) -> 20 | AL2: =COUNTA(F2:O2,R2:S2) -> 12 | AN2: =COUNTIF(AL2:AL150,">=2") -> 14
A3: מה דעתך על הדרך שבה מטפלת הממשלה בבעיות שישנן כיום במדינה? | F3: v7 | G3: v7 | H3: v7 | I3: v7 | J3: a7 | K3: a7 | L3: a7 | M3: v4 | N3: c7 | O3: a3 | Q3: b3 | R3: f7 | S3: v3 | T3: b3 | U3: a3 | V3: v3 | Z3: v5 | AH3: a83 | AJ3: =COUNTA(B3:AH3) -> 18 | AL3: =COUNTA(F3:O3,R3:S3) -> 12
A4: מהי לדעתך הבעיה החשובה ביותר שעל הממשלה לטפל בה? | B4: v8_code1 | C4: v8c | D4: v8_code | E4: c8_code | F4: v8_code | G4: v8 | H4: v8 | I4: v8 | J4: a8 | K4: a8 | L4: a8 | M4: v5 | N4: c8 | O4: a7 | P4: a52 | Q4: b8 | R4: f11 | S4: v4 | T4: b6 | U4: a4 | V4: v4 | X4: b2 | Y4: a2 | Z4: v6 | AB4: g2 | AC4: f42 | AD4: c51 | AE4: v27 | AG4: b23 | AH4: b29 | AJ4: =COUNTA(B4:AH4) -> 30 | AL4: =COUNTA(F4:O4,R4:S4) -> 12
A5: והבעיה השנייה הכי חשובה? | B5: v8_code2 | AB5: g3 | AC5: f43 | AD5: c52 | AE5: v28 | AG5: b24 | AH5: b30 | AJ5: =COUNTA(B5:AH5) -> 7 | AL5: =COUNTA(F5:O5,R5:S5) -> 0
A6: והבעיה השלישית הכי חשובה? | B6: v8_code3 | AG6: b25 | AH6: b31 | AJ6: =COUNTA(B6:AH6) -> 3 | AL6: =COUNTA(F6:O6,R6:S6) -> 0
A7: האם אתה מאמין שהממשלה תפתור בקרוב את שתי הבעיות שציינת? | AD7: c53 | AE7: v29 | AJ7: =COUNTA(B7:AH7) -> 2 | AL7: =COUNTA(F7:O7,R7:S7) -> 0
A8: מי מהמועמדים לראשות הממשלה יוכל לטפל טוב יותר בבעיה? | M8: v6 | N8: c10 | T8: b5 | AJ8: =COUNTA(B8:AH8) -> 3 | AL8: =COUNTA(F8:O8,R8:S8) -> 2
A9: איזו מפלגה תוכל לטפל טוב יותר בבעיה שציינת? | N9: c11 | O9: a8 | Q9: b9 | R9: f13 | S9: v6 | V9: v6 | Z9: v9 | AJ9: =COUNTA(B9:AH9) -> 7 | AL9: =COUNTA(F9:O9,R9:S9) -> 4
A10: מהי לדעתך הבעיה החשובה ביותר שעל הממשלה לטפל בה? (אחרי הבחירות) | M10: d2 | AJ10: =COUNTA(B10:AH10) -> 1 | AL10: =COUNTA(F10:O10,R10:S10) -> 1
A11: בסך הכל, מי יטפל טוב יותר בכלל בעיות המדינה - הצוות של המערך או הצוות של הליכוד? | S11: v25 | AJ11: =COUNTA(B11:AH11) -> 1 | AL11: =COUNTA(F11:O11,R11:S11) -> 1
A12: מבין הדברים הבאים, מה לדעתך הכי מאיים על המערכת הפוליטית כיום? | AJ12: =COUNTA(B12:AH12) -> 0 | AL12: =COUNTA(F12:O12,R12:S12) -> 0
A13: באיזו מידה אתה מרוצה מהאופן בו המערכת הפוליטית בישראל מתפקדת כיום? | B13: v116 | C13: v116 | D13: v116 | F13: v116 | AJ13: =COUNTA(B13:AH13) -> 4 | AL13: =COUNTA(F13:O13,R13:S13) -> 1
A14: כאשר אתה חושב על תולדות מדינת ישראל ועם ישראל, איזה אירוע מהעבר נראה לך החשוב ביותר? | H14: a_v17 | AJ14: =COUNTA(B14:AH14) -> 1 | AL14: =COUNTA(F14:O14,R14:S14) -> 1
A15: כאשר אתה חושב על העתיד של מדינת ישראל ועם ישראל, איזה אירוע או התרחשות הייתה רוצה לראות? | H15: a_v18 | AJ15: =COUNTA(B15:AH15) -> 1 | AL15: =COUNTA(F15:O15,R15:S15) -> 1
A16: מיהי, לדעתך, הדמות המשמעותית ביותר בתולדות מדינת ישראל ועם ישראל? | H16: a_v19 | AJ16: =COUNTA(B16:AH16) -> 1 | AL16: =COUNTA(F16:O16,R16:S16) -> 1
A17: באיזו מידה אתה מסכים או לא מסכים עם המשפטים הבאים: לפעמים הפוליטיקה נראית כ"כ מסובכת שאדם כמוני לא יכול להבין באמת מה קורה | B17: v33 | G17: v33 | H17: v32 | AJ17: =COUNTA(B17:AH17) -> 3 | AL17: =COUNTA(F17:O17,R17:S17) -> 2
A18: באיזו מידה אתה מסכים או לא מסכים עם המשפטים הבאים: יש לגרש מהארץ את העובדים הזרים שאין להם רשיון עבודה וגם את ילדיהם | H18: v40 | AJ18: =COUNTA(B18:AH18) -> 1 | AL18: =COUNTA(F18:O18,R18:S18) -> 1
A19: לפעמים, אנשים שואלים את עצמם מה צריכות להיות המטרות של המדינה לעשר השנים הבאות? מבין המטרות הבאות, מה לדעתך, המטרה החשובה ביותר של המדינה? | G19: v107 | H19: v115 | AJ19: =COUNTA(B19:AH19) -> 2 | AL19: =COUNTA(F19:O19,R19:S19) -> 2
A20: ומה לדעתך, המטרה השנייה בחשיבותה? | G20: v108 | H20: v116 | AJ20: =COUNTA(B20:AH20) -> 2 | AL20: =COUNTA(F20:O20,R20:S20) -> 2
A21: כיצד היית מדרג את מצבך האישי בימים אלו? | I21: v57 | J21: a55 | N21: cc61 | O21: i33 | P21: a56 | T21: b61 | V21: v25 | AG21: a11 | AH21: a34 | AJ21: =COUNTA(B21:AH21) -> 9 | AL21: =COUNTA(F21:O21,R21:S21) -> 4
A22: ולפני 5 שנים מה היה מצבך האישי? | I22: v58 | J22: a56 | N22: cc62 | O22: i34 | P22: a57 | T22: b62 | V22: v26 | AG22: a12 | AH22: a35 | AJ22: =COUNTA(B22:AH22) -> 9 | AL22: =COUNTA(F22:O22,R22:S22) -> 4
A23: ובעוד 5 שנים מה יהיה מצבך האישי? | I23: v59 | J23: a57 | N23: cc63 | O23: i35 | P23: a58 | T23: b63 | V23: v27 | AG23: a13 | AH23: a36 | AJ23: =COUNTA(B23:AH23) -> 9 | AL23: =COUNTA(F23:O23,R23:S23) -> 4
A24: האם החלפת המפלגה בשלטון תשנה את המצב האישי שלך? | AD24: d44 | AJ24: =COUNTA(B24:AH24) -> 1 | AL24: =COUNTA(F24:O24,R24:S24) -> 0
A25: באיזו מידה אתה תומך או מתנגד לצירוף של שרים מטעם מפלגות ערביות לממשלה? | B25: v704 | L25: b13 | M25: c11 | N25: ccc20 | AJ25: =COUNTA(B25:AH25) -> 4 | AL25: =COUNTA(F25:O25,R25:S25) -> 3
A26: מה צריך להיות יותר חשוב לאזרחי המדינה, האינטרסים האישיים שלהם או האינטרסים של המדינה כולה? | M26: i55 | N26: cc44 | O26: a75 | T26: b59 | AG26: b17 | AH26: b14 | AJ26: =COUNTA(B26:AH26) -> 6 | AL26: =COUNTA(F26:O26,R26:S26) -> 3
A27: האם לפי הערכתך עלולה להתפתח מלחמת אזרחים בארץ בעקבות ההסדרים לגבי עתיד השטחים? | N27: c53 | AJ27: =COUNTA(B27:AH27) -> 1 | AL27: =COUNTA(F27:O27,R27:S27) -> 1
A28: יש החושבים שישראל יכולה להשיג את כל היעדים החשובים לה: שלום, א"י השלמה, שמירה על רוב יהודי, שמירה על משטר דמוקרטי מבלי לוותר על אף דבר. אחרים חושבים שאי אפשר להשיג את כל היעדים הללו בו זמנית, וכדי להשיג יעדים מסויימים צריך להתפשר על יעדים אחרים. מה דעתך? | N28: cc73 | O28: i31 | AJ28: =COUNTA(B28:AH28) -> 2 | AL28: =COUNTA(F28:O28,R28:S28) -> 2
A29: האם יש לך קשרים עם ערבים? | N29: ccc42 | AJ29: =COUNTA(B29:AH29) -> 1 | AL29: =COUNTA(F29:O29,R29:S29) -> 1
A30: באיזו מידה כל אחד מהמצבים הבאים מהווה איום בעיניך: מספר שווה של יהודים וערבים במדינה | O30: i17 | AJ30: =COUNTA(B30:AH30) -> 1 | AL30: =COUNTA(F30:O30,R30:S30) -> 1
A31: באיזו מידה כל אחד מהמצבים הבאים מהווה איום בעיניך: הפסקת הסיוע מארה"ב | O31: i20 | AJ31: =COUNTA(B31:AH31) -> 1 | AL31: =COUNTA(F31:O31,R31:S31) -> 1
A32: מהם הסיכויים שיתקיים כל אחד מהמצבים הבאים בעתיד הנראה לעין: מספר שווה של יהודים וערבים במדינה | O32: i26 | AJ32: =COUNTA(B32:AH32) -> 1 | AL32: =COUNTA(F32:O32,R32:S32) -> 1
A33: מהם הסיכויים שיתקיים כל אחד מהמצבים הבאים בעתיד הנראה לעין: הפסקת הסיוע של ארה"ב | O33: i29 | AJ33: =COUNTA(B33:AH33) -> 1 | AL33: =COUNTA(F33:O33,R33:S33) -> 1
A34: לפניך רשימת דעות בנושאים שונים. ציין באיזו מידה אתה מסכים או מתנגד לכל אחת מהן: מבין כל ההשקפות הקיימות בעולם כנראה שיש רק אחת בלבד שהיא נכונה | P34: v74 | AJ34: =COUNTA(B34:AH34) -> 1 | AL34: =COUNTA(F34:O34,R34:S34) -> 0
A35: אין אף מצב בו נראה כי עדיף שאנשים יקחו בעצם את החוק לידיים | P35: v75 | AJ35: =COUNTA(B35:AH35) -> 1 | AL35: =COUNTA(F35:O35,R35:S35) -> 0
A36: במצבים בהם יש ניגוד אינטרסים בין טובת הכלל וטובת הפרט במדינה יש בדר"כ להעדיף את טובת הפרט | P36: v76 | AJ36: =COUNTA(B36:AH36) -> 1 | AL36: =COUNTA(F36:O36,R36:S36) -> 0
A37: לא להחזיר שטחים מא"י הוא בחזקת יהרג ובל יעבור | P37: v77 | AJ37: =COUNTA(B37:AH37) -> 1 | AL37: =COUNTA(F37:O37,R37:S37) -> 0
A38: אלוהים ישמור עלינו אם נהיה ראויים לכך אפילו אם לא נהיה מוכנים למלחמה הבאה | P38: v78 | AJ38: =COUNTA(B38:AH38) -> 1 | AL38: =COUNTA(F38:O38,R38:S38) -> 0
A39: באיזו מידה אתה מאמין או לא מאמין בעתיד קיומנו בארץ לטווח ארוך? | P39: v79 | Q39: b27 | R39: f31 | AJ39: =COUNTA(B39:AH39) -> 3 | AL39: =COUNTA(F39:O39,R39:S39) -> 1
A40: האם נטל השירות הצבאי מתחלק באופן צודק או לא צודק? | P40: v104 | AJ40: =COUNTA(B40:AH40) -> 1 | AL40: =COUNTA(F40:O40,R40:S40) -> 0
A41: ממה שאתה שומע או מתרשם, האם שרות המילואים מנוצל ביעילות או מבוזבז? | P41: v105 | AJ41: =COUNTA(B41:AH41) -> 1 | AL41: =COUNTA(F41:O41,R41:S41) -> 0
A42: האם משך שרות החובה בצה"ל ארוך מדי, במידה הנכונה או קצר מדי? | P42: v106 | AJ42: =COUNTA(B42:AH42) -> 1 | AL42: =COUNTA(F42:O42,R42:S42) -> 0
A43: לפניך רשימה של אמרות וביטויים שגורים המתייחסים למצב העם והמדינה. ציין לגבי כל אחד מהם באיזו מידה אתה מסכים או מתנגד לו: לא ינום ולא יישן שומר ישראל | P43: v121 | AJ43: =COUNTA(B43:AH43) -> 1 | AL43: =COUNTA(F43:O43,R43:S43) -> 0
A44: שנית מצדה לא תיפול | P44: v122 | AJ44: =COUNTA(B44:AH44) -> 1 | AL44: =COUNTA(F44:O44,R44:S44) -> 0
A45: העולם כולו נגדנו | P45: v123 | AJ45: =COUNTA(B45:AH45) -> 1 | AL45: =COUNTA(F45:O45,R45:S45) -> 0
A46: נצח ישראל לא ישקר | P46: v124 | AJ46: =COUNTA(B46:AH46) -> 1 | AL46: =COUNTA(F46:O46,R46:S46) -> 0
A47: ישראל הינה ותמשיך להיות בחזקת "עם לבדד ישכון" | P47: v125 | AJ47: =COUNTA(B47:AH47) -> 1 | AL47: =COUNTA(F47:O47,R47:S47) -> 0
A48: טוב למות בעד ארצנו | P48: v126 | AJ48: =COUNTA(B48:AH48) -> 1 | AL48: =COUNTA(F48:O48,R48:S48) -> 0
A49: הקם להורגך השכם להורגו | P49: v127 | AJ49: =COUNTA(B49:AH49) -> 1 | AL49: =COUNTA(F49:O49,R49:S49) -> 0
A50: ההגנה הטובה ביותר היא ההתקפה | P50: v128 | AJ50: =COUNTA(B50:AH50) -> 1 | AL50: =COUNTA(F50:O50,R50:S50) -> 0
A51: נצחון צבאי תורם לקידום השלום | P51: v129 | AJ51: =COUNTA(B51:AH51) -> 1 | AL51: =COUNTA(F51:O51,R51:S51) -> 0
... A84: האם מישהו מבני משפחתך הקרובה נפטר או נפגע קשה חלילה בשואה? | P84: a116 | AJ84: =COUNTA(B84:AH84) -> 1 | AL84: =COUNTA(F84:O84,R84:S84) -> 0
A85: לפניך שורה של מעשים. לגבי כל אחד מהם קבע באיזו מידה הוא מתאים או לא מתאים לאזרחות טובה: משלם מס אמת | U85: a18 | AJ85: =COUNTA(B85:AH85) -> 1 | AL85: =COUNTA(F85:O85,R85:S85) -> 0
A86: לפניך שורה של מעשים. לגבי כל אחד מהם קבע באיזו מידה הוא מתאים או לא מתאים לאזרחות טובה: לא מצביע ביום הבחירות | U86: a19 | AJ86: =COUNTA(B86:AH86) -> 1 | AL86: =COUNTA(F86:O86,R86:S86) -> 0
A87: לפניך שורה של מעשים. לגבי כל אחד מהם קבע באיזו מידה הוא מתאים או לא מתאים לאזרחות טובה: מתכנן ללמוד בחו"ל | U87: a20 | AJ87: =COUNTA(B87:AH87) -> 1 | AL87: =COUNTA(F87:O87,R87:S87) -> 0
A88: לפניך שורה של מעשים. לגבי כל אחד מהם קבע באיזו מידה הוא מתאים או לא מתאים לאזרחות טובה: מרשה לעצמו לעבור על החוק אם אין שוטר במקום | U88: a21 | AJ88: =COUNTA(B88:AH88) -> 1 | AL88: =COUNTA(F88:O88,R88:S88) -> 0
A89: לפניך שורה של מעשים. לגבי כל אחד מהם קבע באיזו מידה הוא מתאים או לא מתאים לאזרחות טובה: לא מתכנן עתידו בהתאם לצרכי הכלל | U89: a22 | AJ89: =COUNTA(B89:AH89) -> 1 | AL89: =COUNTA(F89:O89,R89:S89) -> 0
A90: לפניך שורה של מעשים. לגבי כל אחד מהם קבע באיזו מידה הוא מתאים או לא מתאים לאזרחות טובה: יורד מן הארץ כדי לשפר את מצבו | U90: a23 | AJ90: =COUNTA(B90:AH90) -> 1 | AL90: =COUNTA(F90:O90,R90:S90) -> 0
A91: לפניך שורה של מעשים. לגבי כל אחד מהם קבע באיזו מידה הוא מתאים או לא מתאים לאזרחות טובה: דואג לעצמו לפני דאגה לכלל | U91: a24 | AJ91: =COUNTA(B91:AH91) -> 1 | AL91: =COUNTA(F91:O91,R91:S91) -> 0
A92: האם אתה מאמין למה שהמפלגות אומרות במערכת הבחירות? | AA92: h48 | AB92: g25 | AD92: d8 | AJ92: =COUNTA(B92:AH92) -> 3 | AL92: =COUNTA(F92:O92,R92:S92) -> 0
A93: האם שירתת במילואים, בזמן או בעקבות מלחמת יום כיפור? | AA93: h58 | AJ93: =COUNTA(B93:AH93) -> 1 | AL93: =COUNTA(F93:O93,R93:S93) -> 0
A94: באיזו מידה אתה מרוצה מהצורה בה מתנהלת מערכת הבחירות לכנסת? | AB94: g4 | AD94: c6 | AJ94: =COUNTA(B94:AH94) -> 2 | AL94: =COUNTA(F94:O94,R94:S94) -> 0
A95: מדוע? | AD95: c7 | AJ95: =COUNTA(B95:AH95) -> 1 | AL95: =COUNTA(F95:O95,R95:S95) -> 0
A96: באיזו מידה הפעילות במערכת הבחירות מוסיפה לך יוקרה בקרב חבריך? | AD96: d11 | AJ96: =COUNTA(B96:AH96) -> 1 | AL96: =COUNTA(F96:O96,R96:S96) -> 0
A97: באיזו מידה מועילה לך הפעילות במערכת הבחירות ליצירת קשרים, לקידום בעבודה, להנאה חומרות וכו'? | AD97: d12 | AJ97: =COUNTA(B97:AH97) -> 1 | AL97: =COUNTA(F97:O97,R97:S97) -> 0
A98: האם בעלך מגוייס? | AB98: g60 | AJ98: =COUNTA(B98:AH98) -> 1 | AL98: =COUNTA(F98:O98,R98:S98) -> 0
A99: באיזו מידה הוטב או הורע מצבה של ישראל, באופן כללי, בעקבות מלחמת יום כיפור? | AC99: f2 | AJ99: =COUNTA(B99:AH99) -> 1 | AL99: =COUNTA(F99:O99,R99:S99) -> 0
A100: באיזו מידה אחראי כל אחד מן הגורמים הבאים לשינוי שחל במצבנו: הממשלה | AC100: f3 | AJ100: =COUNTA(B100:AH100) -> 1 | AL100: =COUNTA(F100:O100,R100:S100) -> 0
A101: באיזו מידה אחראי כל אחד מן הגורמים הבאים לשינוי שחל במצבנו: הפיקוד הבכיר של צה"ל | AC101: f4 | AJ101: =COUNTA(B101:AH101) -> 1 | AL101: =COUNTA(F101:O101,R101:S101) -> 0
A102: באיזו מידה אחראי כל אחד מן הגורמים הבאים לשינוי שחל במצבנו: ארצות ערב | AC102: f5 | AJ102: =COUNTA(B102:AH102) -> 1 | AL102: =COUNTA(F102:O102,R102:S102) -> 0
A103: באיזו מידה אחראי כל אחד מן הגורמים הבאים לשינוי שחל במצבנו: המעצמות הגדולות | AC103: f6 | AJ103: =COUNTA(B103:AH103) -> 1 | AL103: =COUNTA(F103:O103,R103:S103) -> 0
A104: באיזו מידה אתה מאמין וסומך על עבודת הממשלה תחת מנהיגותה של הגב' גולדה מאיר במשך 4 השנים האחרונות? | AC104: f41 | AJ104: =COUNTA(B104:AH104) -> 1 | AL104: =COUNTA(F104:O104,R104:S104) -> 0
A105: איך אתה רואה את הפוליטיקה בישראל? | AD105: c27 | AJ105: =COUNTA(B105:AH105) -> 1 | AL105: =COUNTA(F105:O105,R105:S105) -> 0
A106: באיזו מידה חשוב לך להרגיש שאתה חלק מהמדינה והעם? | AD106: c45 | AJ106: =COUNTA(B106:AH106) -> 1 | AL106: =COUNTA(F106:O106,R106:S106) -> 0
A107: באיזו מידה ההשתתפות בבחירות מאפשרות לך להרגיש שאתה חלק מהמדינה והעם? | AD107: d22 | AJ107: =COUNTA(B107:AH107) -> 1 | AL107: =COUNTA(F107:O107,R107:S107) -> 0
A108: באיזו מידה חשוב לך להתנהג כמו החברים שלך? | AD108: c48 | AJ108: =COUNTA(B108:AH108) -> 1 | AL108: =COUNTA(F108:O108,R108:S108) -> 0
A109: באיזו מידה ההשתתפות בבחירות מאפשרת לך להתנהג כמו חבריך? | AD109: d25 | AJ109: =COUNTA(B109:AH109) -> 1 | AL109: =COUNTA(F109:O109,R109:S109) -> 0
A110: באיזו מידה חשוב לך להשפיע איזה מפלגה תהיה בשלטון? | AD110: c50 | AJ110: =COUNTA(B110:AH110) -> 1 | AL110: =COUNTA(F110:O110,R110:S110) -> 0
A111: באיזו מידה השתתפות בבחירות מאפשרת לך להשפיע איזה מפלגה תהיה בשלטון? | AD111: d27 | AJ111: =COUNTA(B111:AH111) -> 1 | AL111: =COUNTA(F111:O111,R111:S111) -> 0
A112: באיזו מידה השתתפות בבחירות גורמת לך הנאה בגלל שאתה משתתף במאורע חגיגי? | AD112: d28 | AJ112: =COUNTA(B112:AH112) -> 1 | AL112: =COUNTA(F112:O112,R112:S112) -> 0
A113: מה דעתך על הדרך שבה מנהלת העירייה את ענייני העיר? | AH113: a86 | AJ113: =COUNTA(B113:AH113) -> 1 | AL113: =COUNTA(F113:O113,R113:S113) -> 0
A114: מהי לדעתך הבעיה החשובה ביותר שעל העירייה שלך לטפל בה? | AD114: e11 | AE114: b17 | AJ114: =COUNTA(B114:AH114) -> 2 | AL114: =COUNTA(F114:O114,R114:S114) -> 0
A115: עד כמה ברור לך מהם הדרכים הטובות ביותר בהן צריכה העירייה לנהל את ענייני העיר? | AH115: a87 | AJ115: =COUNTA(B115:AH115) -> 1 | AL115: =COUNTA(F115:O115,R115:S115) -> 0
A116: איזו מפלגה מסוגלת לפתור את הבעיה החשובה ביותר של העיר שלך? | AD116: e12 | AJ116: =COUNTA(B116:AH116) -> 1 | AL116: =COUNTA(F116:O116,R116:S116) -> 0
A117: באיזו מידה אתה מרוצה מהשירותים שאתה מקבל מהעירייה? | AD117: e13 | AJ117: =COUNTA(B117:AH117) -> 1 | AL117: =COUNTA(F117:O117,R117:S117) -> 0
A118: האם לדעתך רצוי להחליף את ראש העיר שלך? | AD118: e14 | AJ118: =COUNTA(B118:AH118) -> 1 | AL118: =COUNTA(F118:O118,R118:S118) -> 0
A119: האם אתה מסכים לדעה שיש לבחור ראשי ערים בבחירות אישיות, או שהנך חושב שרצוי לבחרם לפי רשימות מפלגתיות? | AH119: b10 | AJ119: =COUNTA(B119:AH119) -> 1 | AL119: =COUNTA(F119:O119,R119:S119) -> 0
A120: האם המפלגה שאתה תומך בה או נוטה לתמוך בה כיום זהה לתנועת הנוער שהיית חבר בה? | AE120: v18 | AJ120: =COUNTA(B120:AH120) -> 1 | AL120: =COUNTA(F120:O120,R120:S120) -> 0
A121: עד כמה ברור לך מהן הבעיות היסודיות החשובות ביותר כיום בחיי מדינת ישראל? | AG121: b22 | AH121: b28 | AJ121: =COUNTA(B121:AH121) -> 2 | AL121: =COUNTA(F121:O121,R121:S121) -> 0
A122: עד כמה ברור לך מהן הדרכים הטובות ביותר בהן צריכה הממשלה לנהל את ענייני המדינה? | AH122: a84 | AJ122: =COUNTA(B122:AH122) -> 1 | AL122: =COUNTA(F122:O122,R122:S122) -> 0
A123: איזה מן הנושאים הנ"ל הינו החשוב לך ביותר בקביעת עמדתך כלפי המפלגה אותה אתה אוהד? | AG123: b27 | AH123: b34 | AJ123: =COUNTA(B123:AH123) -> 2 | AL123: =COUNTA(F123:O123,R123:S123) -> 0
A124: לכל מפלגה יש חוגי תומכים משלה. מבין הקבוצות הבאות, מיהו לדעתך חוג התומכים העיקרי של המפלגות הבאות: המערך (גיל) | AG124: b70 | AH124: c3 | AJ124: =COUNTA(B124:AH124) -> 2 | AL124: =COUNTA(F124:O124,R124:S124) -> 0
A125: לכל מפלגה יש חוגי תומכים משלה. מבין הקבוצות הבאות, מיהו לדעתך חוג התומכים העיקרי של המפלגות הבאות: המערך (עדה) | AG125: b71 | AH125: c4 | AJ125: =COUNTA(B125:AH125) -> 2 | AL125: =COUNTA(F125:O125,R125:S125) -> 0
A126: לכל מפלגה יש חוגי תומכים משלה. מבין הקבוצות הבאות, מיהו לדעתך חוג התומכים העיקרי של המפלגות הבאות: המערך (מקצוע) | AG126: b72 | AH126: c5 | AJ126: =COUNTA(B126:AH126) -> 2 | AL126: =COUNTA(F126:O126,R126:S126) -> 0
A127: לכל מפלגה יש חוגי תומכים משלה. מבין הקבוצות הבאות, מיהו לדעתך חוג התומכים העיקרי של המפלגות הבאות: חירות (גיל) | AG127: b74 | AH127: c7 | AJ127: =COUNTA(B127:AH127) -> 2 | AL127: =COUNTA(F127:O127,R127:S127) -> 0
A128: לכל מפלגה יש חוגי תומכים משלה. מבין הקבוצות הבאות, מיהו לדעתך חוג התומכים העיקרי של המפלגות הבאות: חירות (עדה) | AG128: b75 | AH128: c8 | AJ128: =COUNTA(B128:AH128) -> 2 | AL128: =COUNTA(F128:O128,R128:S128) -> 0
A129: לכל מפלגה יש חוגי תומכים משלה. מבין הקבוצות הבאות, מיהו לדעתך חוג התומכים העיקרי של המפלגות הבאות: חירות (מקצוע) | AG129: b76 | AH129: c9 | AJ129: =COUNTA(B129:AH129) -> 2 | AL129: =COUNTA(F129:O129,R129:S129) -> 0
A130: לכל מפלגה יש חוגי תומכים משלה. מבין הקבוצות הבאות, מיהו לדעתך חוג התומכים העיקרי של המפלגות הבאות: העולם הזה (גיל) | AG130: b78 | AH130: c11 | AJ130: =COUNTA(B130:AH130) -> 2 | AL130: =COUNTA(F130:O130,R130:S130) -> 0
A131: לכל מפלגה יש חוגי תומכים משלה. מבין הקבוצות הבאות, מיהו לדעתך חוג התומכים העיקרי של המפלגות הבאות: העולם הזה (עדה) | AG131: b79 | AH131: c12 | AJ131: =COUNTA(B131:AH131) -> 2 | AL131: =COUNTA(F131:O131,R131:S131) -> 0
A132: לכל מפלגה יש חוגי תומכים משלה. מבין הקבוצות הבאות, מיהו לדעתך חוג התומכים העיקרי של המפלגות הבאות: העולם הזה (מקצוע) | AG132: b80 | AH132: c13 | AJ132: =COUNTA(B132:AH132) -> 2 | AL132: =COUNTA(F132:O132,R132:S132) -> 0
...

Sheet עניין פוליטי
A1: שאלה | B1: 2022 | C1: 2021 | D1: 2020 | E1: 43709 | F1: 43556 | G1: 2015 | H1: 2013 | I1: 2009 | J1: 2006 | K1: 2003 | L1: 2001 | M1: 1999 | N1: 1996 | O1: 1992 | P1: 1987* | Q1: 1988* | R1: 1988 | S1: 1984 | T1: 1981 - 3 | U1: 1981 - 2 | V1: 1981 - 1 | W1: 1977 - 4 | X1: 1977 - 3 | Y1: 1977 - 2 | Z1: 1977 - 1 | AA1: 1973 - 5 | AB1: 1973 - 4 | AC1: 1973 - 3 | AD1: 1973 - 2 | AE1: 1973 - 1 | AF1: 1969 - 3 | AG1: 1969 - 2 | AH1: 1969 - 1 | AJ1: מספר חזרות | AL1: ספירה 84-19 | AN1: סה"כ מעל שתי חזרות
A2: באיזו מידה אתה וחבריך יכולים להשפיע על מדיניות הממשלה? | B2: v46 | C2: v46 | D2: v46 | F2: v46 | G2: v50 | H2: v44 | I2: v56 | J2: a54 | K2: a75 | L2: a74 | M2: i57 | N2: cc48 | O2: a61 | P2: a16 | Q2: b72 | R2: f75 | S2: v40 | T2: b30 | U2: a35 | V2: v70 | Z2: v32 | AB2: g33 | AD2: d6 | AE2: v66 | AG2: b14 | AH2: a73 | AJ2: =COUNTA(B2:AH2) -> 26 | AL2: =COUNTA(F2:O2,R2:S2) -> 12 | AN2: =COUNTIF(AL2:AL47,">=2") -> 3
A3: באיזו מידה אתה נוהג לשוחח עם חבריך ובני משפחתך על עניינים פוליטיים? | B3: v45 | C3: v45 | D3: v45 | F3: v45 | G3: v49 | H3: v43 | I3: v55 | J3: a53 | K3: a74 | L3: a73 | M3: i56 | N3: cc45 | O3: a60 | P3: a75 | Q3: b59 | R3: f62 | U3: a31 | V3: v19 | Z3: v28 | AD3: c25 | AE3: v11 | AJ3: =COUNTA(B3:AH3) -> 21 | AL3: =COUNTA(F3:O3,R3:S3) -> 11
A4: כאשר אתה נפגש עם חבריך, האם אתם דנים על עניינים פוליטיים? | P4: a113 | Q4: b71 | R4: f74 | U4: a32 | Z4: v29 | AE4: v8 | AJ4: =COUNTA(B4:AH4) -> 6 | AL4: =COUNTA(F4:O4,R4:S4) -> 1
A5: באיזו מידה אתה נוהג או לא נוהג להביע את דעתך בנושאי בטחון בדרכים שונות, כגון שיחות עם בני משפחה וחברים, כתיבת מכתבים למערכת העיתונים, חתומה על עצומות ועוד? | P5: a15 | AJ5: =COUNTA(B5:AH5) -> 1 | AL5: =COUNTA(F5:O5,R5:S5) -> 0
A6: באיזו מידה חשוב לך להביע את דעותיך בעניינים פוליטיים? | AD6: c46 | AJ6: =COUNTA(B6:AH6) -> 1 | AL6: =COUNTA(F6:O6,R6:S6) -> 0
A7: באיזו מידה השתתפות בבחירות מאפשרת לך להביע את דעותיך בעניינים פוליטיים? | AD7: d23 | AJ7: =COUNTA(B7:AH7) -> 1 | AL7: =COUNTA(F7:O7,R7:S7) -> 0
A8: באיזו מידה הדעות של בני משפחתך בנושאי השטחים ומדיניות הבטחון דומות לדעות שלך? | Q8: b58 | R8: f61 | AJ8: =COUNTA(B8:AH8) -> 2 | AL8: =COUNTA(F8:O8,R8:S8) -> 1
A9: עם מי מבני משפחתך הינך משוחח כיום על עניינים פוליטיים במידה הרבה ביותר? | P9: a76 | Q9: b60 | R9: f63 | AJ9: =COUNTA(B9:AH9) -> 3 | AL9: =COUNTA(F9:O9,R9:S9) -> 1
A10: בתקופה בה התגוררת בבית הוריך, עם מי נהגת לשוחח על עניינים פוליטיים במידה הרבה ביותר? | P10: a77 | AJ10: =COUNTA(B10:AH10) -> 1 | AL10: =COUNTA(F10:O10,R10:S10) -> 0
A11: האם נהגת לשוחח עם אביך בענייני פוליטיקה? | AE11: v20 | AJ11: =COUNTA(B11:AH11) -> 1 | AL11: =COUNTA(F11:O11,R11:S11) -> 0
A12: האם אתה חבר, אוהד או פעיל של מפלגה כלשהי? | G12: v89 | H12: v93 | I12: v151 | J12: b72 | K12: b72 | L12: b23 | M12: c18 | N12: ccc45 | O12: i55 | P12: a59 | Q12: c50 | R12: g71 | S12: a51 | T12: b156 | U12: a145 | Z12: v110 | AB12: g58 | AD12: d42 | AE12: b11 | AF12: b47 | AG12: b37 | AH12: b42 | AJ12: =COUNTA(B12:AH12) -> 22 | AL12: =COUNTA(F12:O12,R12:S12) -> 11
A13: האם בתקופה שלפני הבחירות אתה נוהג להשתתף באסיפות המאורגנות ע"י המפלגות ואם כן באיזו תדירות? | V13: v17 | AE13: v6 | AG13: a4 | AH13: a3 | AJ13: =COUNTA(B13:AH13) -> 4 | AL13: =COUNTA(F13:O13,R13:S13) -> 0
A14: האם אתה נוהג להשתתף בחוגי בית של המפלגות ואם כן באיזו תדירות? | V14: v18 | AD14: c23 | AH14: a5 | AJ14: =COUNTA(B14:AH14) -> 3 | AL14: =COUNTA(F14:O14,R14:S14) -> 0
A15: האם בתקופה שלפני הבחירות מתקיימים חוגי בית בביתך? | AH15: a6 | AJ15: =COUNTA(B15:AH15) -> 1 | AL15: =COUNTA(F15:O15,R15:S15) -> 0
A16: יש אנשים שמתעניינים במערכת הבחירות מכיוון שיש לה אופי של התמודדות ספורטיבית. באיזו מידה גם אתה מתעניין מסיבה זו? | AB16: g26 | AD16: d9 | AJ16: =COUNTA(B16:AH16) -> 2 | AL16: =COUNTA(F16:O16,R16:S16) -> 0
A17: האם אתה פעיל במערכת הבחירות הנוכחית? (עובד למען אחת המפלגות בהתנדבות או בשכר) | AB17: g27 | AD17: d10 | AJ17: =COUNTA(B17:AH17) -> 2 | AL17: =COUNTA(F17:O17,R17:S17) -> 0
A18: האם בתקופת הבחירות אתה מתעניין בפוליטיקה יותר מאשר בדר"כ? | AD18: c2 | AJ18: =COUNTA(B18:AH18) -> 1 | AL18: =COUNTA(F18:O18,R18:S18) -> 0
A19: באיזו מידה אתה מתעניין במערכת הבחירות: להסתדרות | AD19: c3 | AJ19: =COUNTA(B19:AH19) -> 1 | AL19: =COUNTA(F19:O19,R19:S19) -> 0
A20: באיזו מידה אתה מתעניין במערכת הבחירות: לעירייה | AD20: c4 | AJ20: =COUNTA(B20:AH20) -> 1 | AL20: =COUNTA(F20:O20,R20:S20) -> 0
A21: באיזו מידה אתה מתעניין במערכת הבחירות: לכנסת | AD21: c5 | AJ21: =COUNTA(B21:AH21) -> 1 | AL21: =COUNTA(F21:O21,R21:S21) -> 0
A22: איזה נושאים פוליטיים מעניינים אותך בעיקר? | AD22: c9 | AJ22: =COUNTA(B22:AH22) -> 1 | AL22: =COUNTA(F22:O22,R22:S22) -> 0
A23: באיזו מידה אתה מתעניין בפוליטיקה בדר"כ? | AD23: c26 | AE23: v4 | AJ23: =COUNTA(B23:AH23) -> 2 | AL23: =COUNTA(F23:O23,R23:S23) -> 0
A24: בדר"כ, האם אתה נוהג לבקר בהרצאות על נושאים פוליטיים? | AE24: v5 | AH24: a2 | AJ24: =COUNTA(B24:AH24) -> 2 | AL24: =COUNTA(F24:O24,R24:S24) -> 0
A25: האם אתה פעיל בארגון ציבורי כלשהו? | AD25: d43 | AJ25: =COUNTA(B25:AH25) -> 1 | AL25: =COUNTA(F25:O25,R25:S25) -> 0
A26: באיזו מידה מערכת הבחירות הנוכחית עוזרת לך להכיר יותר טוב את המנהיגים הפוליטיים? | AB26: g8 | AD26: d15 | AJ26: =COUNTA(B26:AH26) -> 2 | AL26: =COUNTA(F26:O26,R26:S26) -> 0
A27: באיזו מידה חשוב לך להכיר יותר טוב את המנהיגים הפוליטיים? | AD27: c41 | AJ27: =COUNTA(B27:AH27) -> 1 | AL27: =COUNTA(F27:O27,R27:S27) -> 0
A28: באיזו מידה מערכת הבחירות עוזרת לך להבין יותר את הבעיות הפוליטיות בארץ? | AB28: g6 | AD28: d13 | AJ28: =COUNTA(B28:AH28) -> 2 | AL28: =COUNTA(F28:O28,R28:S28) -> 0
A29: באיזו מידה חשוב לך להבין יותר טוב את הבעיות הפוליטיות בארץ? | AD29: c39 | AJ29: =COUNTA(B29:AH29) -> 1 | AL29: =COUNTA(F29:O29,R29:S29) -> 0
A30: האם אביך התעניין בפוליטיקה? | AE30: v19 | AJ30: =COUNTA(B30:AH30) -> 1 | AL30: =COUNTA(F30:O30,R30:S30) -> 0
A31: לאחרונה יש הטוענים שקיים פער כלכלי וחברתי במדינה. האם אתה מתעניין בנושאים אלו? | AE31: v40 | AJ31: =COUNTA(B31:AH31) -> 1 | AL31: =COUNTA(F31:O31,R31:S31) -> 0
A32: באיזו מידה אתה מתעניין בבעיות הכלכליות של מדינת ישראל? | AG32: b11 | AH32: a64 | AJ32: =COUNTA(B32:AH32) -> 2 | AL32: =COUNTA(F32:O32,R32:S32) -> 0
A33: האם בדר"כ אתה מתעניין בבעיות חוץ וביטחון? | AE33: v48 | AH33: a61 | AJ33: =COUNTA(B33:AH33) -> 2 | AL33: =COUNTA(F33:O33,R33:S33) -> 0
A34: באיזו מידה אתה מתעניין בתוצאות הבחירות לכנסת? | AF34: c13 | AJ34: =COUNTA(B34:AH34) -> 1 | AL34: =COUNTA(F34:O34,R34:S34) -> 0
A35: באיזו מידה לדעתך צריך האזרח הרגיל במדינת ישראל להתעניין בבעיות הכלכליות של המדינה? | AG35: b12 | AH35: a65 | AJ35: =COUNTA(B35:AH35) -> 2 | AL35: =COUNTA(F35:O35,R35:S35) -> 0
A36: באיזו מידה לדעתך צריך האזרח הרגיל במדינת ישראל להתעניין בבעיות החוץ והביטחון של המדינה? | AH36: a62 | AJ36: =COUNTA(B36:AH36) -> 1 | AL36: =COUNTA(F36:O36,R36:S36) -> 0
A37: באיזו מידה אתה מתעניין בבעיות החברתיות של מדינת ישראל? | AH37: a67 | AJ37: =COUNTA(B37:AH37) -> 1 | AL37: =COUNTA(F37:O37,R37:S37) -> 0
A38: באיזו מידה לדעתך צריך האזרח הרגיל במדינת ישראל להתעניין בבעיות החברתיות של המדינה? | AH38: a68 | AJ38: =COUNTA(B38:AH38) -> 1 | AL38: =COUNTA(F38:O38,R38:S38) -> 0
A39: באיזו מידה אתה מתעניין בפוליטיקה מקומית של מדינת ישראל? | AH39: a70 | AJ39: =COUNTA(B39:AH39) -> 1 | AL39: =COUNTA(F39:O39,R39:S39) -> 0
A40: באיזו מידה לדעתך צריך האזרח הרגיל במדינת ישראל להתעניין בפוליטיקה מקומית של המדינה? | AH40: a71 | AJ40: =COUNTA(B40:AH40) -> 1 | AL40: =COUNTA(F40:O40,R40:S40) -> 0
A41: האם אתה משוחח עם מכרים, ידידים, חברים לעבודה או בני משפחה על נושאים אקטואליים הקשורים למדינת ישראל? אם כן - באיזו תכיפות אתה מנהל שיחות כאלה בנושא: מדיניות חוץ וביטחון | AH41: a76 | AJ41: =COUNTA(B41:AH41) -> 1 | AL41: =COUNTA(F41:O41,R41:S41) -> 0
A42: האם אתה משוחח עם מכרים, ידידים, חברים לעבודה או בני משפחה על נושאים אקטואליים הקשורים למדינת ישראל? אם כן - באיזו תכיפות אתה מנהל שיחות כאלה בנושא: כלכלה | AH42: a77 | AJ42: =COUNTA(B42:AH42) -> 1 | AL42: =COUNTA(F42:O42,R42:S42) -> 0
A43: האם אתה משוחח עם מכרים, ידידים, חברים לעבודה או בני משפחה על נושאים אקטואליים הקשורים למדינת ישראל? אם כן - באיזו תכיפות אתה מנהל שיחות כאלה בנושא: בעיות חברתיות | AH43: a78 | AJ43: =COUNTA(B43:AH43) -> 1 | AL43: =COUNTA(F43:O43,R43:S43) -> 0
A44: האם אתה נותן אמון באינפורמציה הפוליטית שאתה מקבל בשיחות עם חבריך? | AH44: a88 | AJ44: =COUNTA(B44:AH44) -> 1 | AL44: =COUNTA(F44:O44,R44:S44) -> 0
A45: האם השתתפת בשנה שנתיים האחרונות בהפגנה? בנושא תהליך השלום | N45: ccc16 | AJ45: =COUNTA(B45:AH45) -> 1 | AL45: =COUNTA(F45:O45,R45:S45) -> 1
A46: האם השתתפת בשנה שנתיים האחרונות בהפגנה? בעקבות רצח רבין | N46: ccc17 | AJ46: =COUNTA(B46:AH46) -> 1 | AL46: =COUNTA(F46:O46,R46:S46) -> 1
A47: האם השתתפת בהפגנה בשנה האחרונה? | C47: v606 | AJ47: =COUNTA(B47:AH47) -> 1 | AL47: =COUNTA(F47:O47,R47:S47) -> 0

Sheet ימין-שמאל
A1: שאלה | B1: 2022 | C1: 2021 | D1: 2020 | E1: 43709 | F1: 43556 | G1: 2015 | H1: 2013 | I1: 2009 | J1: 2006 | K1: 2003 | L1: 2001 | M1: 1999 | N1: 1996 | O1: 1992 | P1: 1987* | Q1: 1988* | R1: 1988 | S1: 1984 | T1: 1981 - 3 | U1: 1981 - 2 | V1: 1981 - 1 | W1: 1977 - 4 | X1: 1977 - 3 | Y1: 1977 - 2 | Z1: 1977 - 1 | AA1: 1973 - 5 | AB1: 1973 - 4 | AC1: 1973 - 3 | AD1: 1973 - 2 | AE1: 1973 - 1 | AF1: 1969 - 3 | AG1: 1969 - 2 | AH1: 1969 - 1 | AJ1: מספר חזרות | AL1: ספירה 84-19 | AN1: סה"כ מעל שתי חזרות
A2: בבחירות האלה דיברו הרבה על ימין ועל שמאל בפוליטיקה, מה זה להבנתך ימין? | D2: E8A_after | F2: V8A_after | G2: after_v13b_1 | AJ2: =COUNTA(B2:AH2) -> 3 | AL2: =COUNTA(F2:O2,R2:S2) -> 2 | AN2: =COUNTIF(AL2:AL55,">=2") -> 21
A3: בבחירות האלה דיברו הרבה על ימין ועל שמאל בפוליטיקה, מה זה להבנתך שמאל? | D3: E8B_after | F3: V8B_after | G3: after_v13b_2 | AJ3: =COUNTA(B3:AH3) -> 3 | AL3: =COUNTA(F3:O3,R3:S3) -> 2
A4: עם איזה זרם פוליטי אתה מזדהה? | B4: v53 | F4: v53 | G4: v71 | H4: v103 | I4: v134 | J4: b61 | K4: b73 | M4: c19 | N4: ccc46 | O4: i56 | Q4: c51 | R4: g72 | S4: a52 | T4: b157 | U4: a133 | V4: v73 | Z4: v104 | AD4: d31 | AE4: v69 | AF4: c19 | AG4: c40 | AH4: c48 | AJ4: =COUNTA(B4:AH4) -> 22 | AL4: =COUNTA(F4:O4,R4:S4) -> 11
A5: הרבה מדברים על שמאל וימין בפוליטיקה. היכן היית מדרג את עצמך על פני רצף שמאל-ימין, כאשר 1 הקצה הימני ו-7 הקצה השמאלי? | B5: v111 | C5: v111 | D5: v111 | E5: c111 | F5: v111 | G5: v103 | H5: v88 | I5: v135 | J5: b62 | K5: a49 | L5: a66 | M5: i19 | N5: c69 | O5: a110 | P5: a60 | Q5: b126 | R5: f125 | S5: v43 | T5: b80 | V5: v116 | AJ5: =COUNTA(B5:AH5) -> 20 | AL5: =COUNTA(F5:O5,R5:S5) -> 12
A6: האם אתה יכול לראות את עצמך בתנאים מסוימים עובר למחנה השמאל או למחנה הימין? | M6: i20 | AJ6: =COUNTA(B6:AH6) -> 1 | AL6: =COUNTA(F6:O6,R6:S6) -> 1
A7: דירגת את עצמך יותר לכיוון מחנה השמאל/ימין. האם אתה יכול לראות את עצמך בתנאים מסוימים עובר למחנה האחר? | M7: i21 | AJ7: =COUNTA(B7:AH7) -> 1 | AL7: =COUNTA(F7:O7,R7:S7) -> 1
A8: הרבה מדברים על "שמאל" ו-"ימין" בפוליטיקה. כיצד היית מדרג את עצמך על פני רצף "שמאל-ימין" כאשר 0 משמעו שמאל, 10 משמעו ימין ו-5 משמעו אמצע? | B8: v620 | C8: v621 | I8: v90 | J8: b7 | AJ8: =COUNTA(B8:AH8) -> 4 | AL8: =COUNTA(F8:O8,R8:S8) -> 2
A9: הרבה מדברים על שמאל וימין בתחום המדיני-ביטחוני. כיצד היית מדרג את עצמך על רצף זה? | H9: v67 | P9: v58 | Q9: b44 | R9: f47 | S9: v44 | T9: b81 | V9: v117 | AJ9: =COUNTA(B9:AH9) -> 7 | AL9: =COUNTA(F9:O9,R9:S9) -> 3
A10: הרבה מדברים על שמאל וימין בתחום הכלכלי. כיצד היית מדרג את עצמך על רצף זה? | S10: v45 | T10: b83 | V10: v118 | AJ10: =COUNTA(B10:AH10) -> 3 | AL10: =COUNTA(F10:O10,R10:S10) -> 1
A11: הרבה מדברים על שמאל וימין בתחום מדיניות החוץ. כיצד היית מדרג את עצמך על רצף זה? | T11: b82 | AJ11: =COUNTA(B11:AH11) -> 1 | AL11: =COUNTA(F11:O11,R11:S11) -> 0
A12: עד כמה חשובה לך הזהות שלך כ(ימני/שמאלני/תומך מרכז)? | F12: v54 | AJ12: =COUNTA(B12:AH12) -> 1 | AL12: =COUNTA(F12:O12,R12:S12) -> 1
A13: באיזו מידה אתה מסכים או לא מסכים עם כל אחת מן הטענות הבאות: כשמישהו מעביר ביקורת על (ימנים/שמאלנים/תומכים של המרכז) זה מרגיש לך כמו עלבון אישי | F13: v55 | AJ13: =COUNTA(B13:AH13) -> 1 | AL13: =COUNTA(F13:O13,R13:S13) -> 1
A14: כשאתה פוגש תומך אחר של (הימין/שמאל/מרכז) אתה מרגיש קשור אליו | F14: v56 | AJ14: =COUNTA(B14:AH14) -> 1 | AL14: =COUNTA(F14:O14,R14:S14) -> 1
A15: כשאנשים אומרים דברים טובים על (ימנים/שמאלנים/תומכים של המרכז) זה גורם לך הרגשה טובה | F15: v57 | AJ15: =COUNTA(B15:AH15) -> 1 | AL15: =COUNTA(F15:O15,R15:S15) -> 1
A16: בבחירות האלה דיברו הרבה על ימין ושמאל בפוליטיקה. מהם לדעתך הדברים העיקריים שמבחינים בין שמאל לימין? | G16: after_v13a | T16: b76 | AJ16: =COUNTA(B16:AH16) -> 2 | AL16: =COUNTA(F16:O16,R16:S16) -> 1
A17: האם לדעתך קיימים הבדלים בעמדותיהן של המפלגות לגבי הבעיה שציינת? | S17: v5 | T17: b4 | V17: v5 | Z17: v7 | AD17: c54 | AE17: c30 | AJ17: =COUNTA(B17:AH17) -> 6 | AL17: =COUNTA(F17:O17,R17:S17) -> 1
A18: האם ברור לך מה ההבדלים בעמדותיהן של המפלגות לגבי בעיה זו? | Z18: v8 | AJ18: =COUNTA(B18:AH18) -> 1 | AL18: =COUNTA(F18:O18,R18:S18) -> 0
A19: האם לדעתך קיימים או לא קיימים הבדלים בעמדותיהן של המפלגות העיקריות בארץ בנושאים הבאים: מדיניות כלכלית-חברתית | B19: v58 | F19: v58 | G19: v59 | AE19: v43 | AJ19: =COUNTA(B19:AH19) -> 4 | AL19: =COUNTA(F19:O19,R19:S19) -> 2
A20: האם לדעתך קיימים או לא קיימים הבדלים בעמדותיהן של המפלגות העיקריות בארץ בנושאים הבאים: כלכלה | H20: v51 | I20: v76 | J20: a85 | K20: a51 | L20: a68 | M20: i33 | N20: c74 | O20: a53 | Q20: b63 | R20: f66 | S20: v19 | T20: b16 | V20: v15 | Z20: v21 | AJ20: =COUNTA(B20:AH20) -> 14 | AL20: =COUNTA(F20:O20,R20:S20) -> 10
A21: האם לדעתך קיימים או לא קיימים הבדלים בעמדותיהן של המפלגות העיקריות בארץ בנושאים הבאים: מדיניות חברתית | H21: v52 | I21: v77 | J21: a86 | K21: a52 | L21: a69 | M21: i34 | AJ21: =COUNTA(B21:AH21) -> 6 | AL21: =COUNTA(F21:O21,R21:S21) -> 6
A22: האם לדעתך קיימים או לא קיימים הבדלים בעמדותיהן של המפלגות העיקריות בארץ בנושאים הבאים: דת ומדינה | B22: v59 | F22: v59 | G22: v60 | H22: v53 | I22: v78 | J22: a87 | K22: a53 | L22: a70 | M22: i35 | AJ22: =COUNTA(B22:AH22) -> 9 | AL22: =COUNTA(F22:O22,R22:S22) -> 8
A23: האם לדעתך קיימים או לא קיימים הבדלים בעמדותיהן של המפלגות העיקריות בארץ בנושאים הבאים: שלום ושטחים | B23: v60 | F23: v60 | G23: v61 | H23: v54 | I23: v79 | J23: a88 | K23: a54 | L23: a71 | M23: i37 | N23: c75 | O23: a51 | S23: v12 | V23: v9 | Z23: v12 | AE23: v51 | AJ23: =COUNTA(B23:AH23) -> 15 | AL23: =COUNTA(F23:O23,R23:S23) -> 11
A24: האם לדעתך קיימים או לא קיימים הבדלים בעמדותיהן של המפלגות העיקריות בארץ בנושאים הבאים: בטחון וטרור | B24: v61 | F24: v61 | G24: v62 | H24: v55 | I24: v80 | J24: a89 | K24: a55 | L24: a72 | M24: i38 | N24: c76 | P24: v16 | Q24: b57 | R24: f60 | T24: b7 | AB24: g53 | AC24: f48 | AJ24: =COUNTA(B24:AH24) -> 16 | AL24: =COUNTA(F24:O24,R24:S24) -> 10
A25: האם לדעתך קיימים או לא קיימים הבדלים בעמדותיהן של המפלגות העיקריות בארץ בנושאים הבאים: ביחס שלהן לדמוקרטיה | B25: v62 | F25: v62 | G25: v63 | H25: v57 | AJ25: =COUNTA(B25:AH25) -> 4 | AL25: =COUNTA(F25:O25,R25:S25) -> 3
A26: האם לדעתך קיימים או לא קיימים הבדלים בעמדותיהן של המפלגות העיקריות בארץ בנושאים הבאים: האיום האיראני | H26: v56 | AJ26: =COUNTA(B26:AH26) -> 1 | AL26: =COUNTA(F26:O26,R26:S26) -> 1
A27: האם לדעתך קיימים או לא קיימים הבדלים בעמדותיהן של המפלגות העיקריות בארץ בנושאים הבאים: ירושלים | I27: v75 | J27: a84 | K27: a50 | L27: a67 | M27: i32 | N27: c73 | AJ27: =COUNTA(B27:AH27) -> 6 | AL27: =COUNTA(F27:O27,R27:S27) -> 6
A28: האם לדעתך קיימים או לא קיימים הבדלים בעמדותיהן של המפלגות העיקריות בארץ בנושאים הבאים: לבנון | M28: i36 | AJ28: =COUNTA(B28:AH28) -> 1 | AL28: =COUNTA(F28:O28,R28:S28) -> 1
A29: האם לדעתך קיימים או לא קיימים הבדלים בעמדותיהן של המפלגות העיקריות בארץ בנושאים הבאים: שחיתות | AD29: d3 | AJ29: =COUNTA(B29:AH29) -> 1 | AL29: =COUNTA(F29:O29,R29:S29) -> 0
A30: היכן היית מדרג את המפלגות הבאות על פני רצף "שמאל-ימין" כאשר 0 משמעו שמאל, 10 משמעו ימין ו-5 משמעו אמצע: ליכוד | B30: v620a | C30: v620A | I30: v91 | J30: b11 | AJ30: =COUNTA(B30:AH30) -> 4 | AL30: =COUNTA(F30:O30,R30:S30) -> 2
A31: היכן היית מדרג את המפלגות הבאות על פני רצף "שמאל-ימין" כאשר 0 משמעו שמאל, 10 משמעו ימין ו-5 משמעו אמצע: עבודה | B31: v620c | C31: v620C | I31: v92 | J31: b13 | AJ31: =COUNTA(B31:AH31) -> 4 | AL31: =COUNTA(F31:O31,R31:S31) -> 2
A32: היכן היית מדרג את המפלגות הבאות על פני רצף "שמאל-ימין" כאשר 0 משמעו שמאל, 10 משמעו ימין ו-5 משמעו אמצע: קדימה | I32: v93 | J32: b15 | AJ32: =COUNTA(B32:AH32) -> 2 | AL32: =COUNTA(F32:O32,R32:S32) -> 2
A33: היכן היית מדרג את המפלגות הבאות על פני רצף "שמאל-ימין" כאשר 0 משמעו שמאל, 10 משמעו ימין ו-5 משמעו אמצע: ש"ס | B33: v620i | C33: v620I | I33: v94 | J33: b17 | AJ33: =COUNTA(B33:AH33) -> 4 | AL33: =COUNTA(F33:O33,R33:S33) -> 2
A34: היכן היית מדרג את המפלגות הבאות על פני רצף "שמאל-ימין" כאשר 0 משמעו שמאל, 10 משמעו ימין ו-5 משמעו אמצע: הבית היהודי | B34: v620s | C34: v620S | I34: v95 | J34: b19 | AJ34: =COUNTA(B34:AH34) -> 4 | AL34: =COUNTA(F34:O34,R34:S34) -> 2
A35: היכן היית מדרג את המפלגות הבאות על פני רצף "שמאל-ימין" כאשר 0 משמעו שמאל, 10 משמעו ימין ו-5 משמעו אמצע: ישראל ביתנו | B35: v620h | C35: v620H | I35: v96 | J35: b21 | AJ35: =COUNTA(B35:AH35) -> 4 | AL35: =COUNTA(F35:O35,R35:S35) -> 2
A36: היכן היית מדרג את המפלגות הבאות על פני רצף "שמאל-ימין" כאשר 0 משמעו שמאל, 10 משמעו ימין ו-5 משמעו אמצע: מרצ | B36: v620f | C36: v620F | I36: v97 | J36: b23 | AJ36: =COUNTA(B36:AH36) -> 4 | AL36: =COUNTA(F36:O36,R36:S36) -> 2
A37: היכן היית מדרג את המפלגות הבאות על פני רצף "שמאל-ימין" כאשר 0 משמעו שמאל, 10 משמעו ימין ו-5 משמעו אמצע: כחול-לבן | B37: v620b | C37: v620B | AJ37: =COUNTA(B37:AH37) -> 2 | AL37: =COUNTA(F37:O37,R37:S37) -> 0
A38: היכן היית מדרג את המפלגות הבאות על פני רצף "שמאל-ימין" כאשר 0 משמעו שמאל, 10 משמעו ימין ו-5 משמעו אמצע: יש עתיד | B38: v620z | C38: v620Z | AJ38: =COUNTA(B38:AH38) -> 2 | AL38: =COUNTA(F38:O38,R38:S38) -> 0
A39: היכן היית מדרג את המפלגות הבאות על פני רצף "שמאל-ימין" כאשר 0 משמעו שמאל, 10 משמעו ימין ו-5 משמעו אמצע: תקווה חדשה | C39: v620X | AJ39: =COUNTA(B39:AH39) -> 1 | AL39: =COUNTA(F39:O39,R39:S39) -> 0
A40: היכן היית מדרג את המפלגות הבאות על פני רצף "שמאל-ימין" כאשר 0 משמעו שמאל, 10 משמעו ימין ו-5 משמעו אמצע: ימינה | C40: v620D | AJ40: =COUNTA(B40:AH40) -> 1 | AL40: =COUNTA(F40:O40,R40:S40) -> 0
A41: היכן היית מדרג את המפלגות הבאות על פני רצף "שמאל-ימין" כאשר 0 משמעו שמאל, 10 משמעו ימין ו-5 משמעו אמצע: יהדות התורה | B41: v620k | C41: v620K | AJ41: =COUNTA(B41:AH41) -> 2 | AL41: =COUNTA(F41:O41,R41:S41) -> 0
A42: היכן היית מדרג את המפלגות הבאות על פני רצף "שמאל-ימין" כאשר 0 משמעו שמאל, 10 משמעו ימין ו-5 משמעו אמצע: הרשימה המשותפת | B42: v620j | C42: v620J | AJ42: =COUNTA(B42:AH42) -> 2 | AL42: =COUNTA(F42:O42,R42:S42) -> 0
A43: היכן היית מדרג את המפלגות הבאות על פני רצף "שמאל-ימין" כאשר 0 משמעו שמאל, 10 משמעו ימין ו-5 משמעו אמצע: רע"מ | B43: v620y | C43: v620Y | AJ43: =COUNTA(B43:AH43) -> 2 | AL43: =COUNTA(F43:O43,R43:S43) -> 0
A44: האם אתה חושב שאנשים כמוך יכולים באמת להתקבל ולהרגיש בבית במחנה השני? | M44: i22 | AJ44: =COUNTA(B44:AH44) -> 1 | AL44: =COUNTA(F44:O44,R44:S44) -> 1
A45: יש האומרים שההבדלים בין המפלגות הם "במה שהם אומרים" ולא "במה שהם עושים", ויש האומרים את ההפך. מה דעתך? | T45: b29 | AD45: c38 | AJ45: =COUNTA(B45:AH45) -> 2 | AL45: =COUNTA(F45:O45,R45:S45) -> 0
A46: האם לדעתך הליכוד הינה רשימה ניצית או יונית? | T46: b44 | AJ46: =COUNTA(B46:AH46) -> 1 | AL46: =COUNTA(F46:O46,R46:S46) -> 0
A47: האם לדעתך המערך הינה רשימה ניצית או יונית? | T47: b45 | AJ47: =COUNTA(B47:AH47) -> 1 | AL47: =COUNTA(F47:O47,R47:S47) -> 0
A48: האם לדעתך ההגדרות של שמאל וימין בפוליטיקה, הן בעלות משמעות כיום בישראל או לא? | T48: b77 | AJ48: =COUNTA(B48:AH48) -> 1 | AL48: =COUNTA(F48:O48,R48:S48) -> 0
A49: האם ברור לך מה ההבדלים בעמדותיהן של המפלגות השונות בנושא הוויתורים הטריטוריאליים (ויתור על שטחים)? | Z49: v13 | AG49: b29 | AH49: b36 | AJ49: =COUNTA(B49:AH49) -> 3 | AL49: =COUNTA(F49:O49,R49:S49) -> 0
A50: האם ברור לך מה ההבדלים בעמדותיהן של המפלגות השונות בנושא הכלכלה? | Z50: v22 | AG50: b30 | AH50: b37 | AJ50: =COUNTA(B50:AH50) -> 3 | AL50: =COUNTA(F50:O50,R50:S50) -> 0
A51: האם ברור לך מה ההבדלים בעמדותיהן של המפלגות השונות בנושא החברתי? | AG51: b31 | AH51: b38 | AJ51: =COUNTA(B51:AH51) -> 2 | AL51: =COUNTA(F51:O51,R51:S51) -> 0
A52: באיזו מידה מערכת הבחירות הנוכחית עוזרת לך להכיר יותר טוב את עמדות המפלגות לגבי הבעיות הפוליטיות? | AB52: g7 | AD52: d14 | AJ52: =COUNTA(B52:AH52) -> 2 | AL52: =COUNTA(F52:O52,R52:S52) -> 0
A53: באיזו מידה חשוב לך להכיר יותר טוב את העמדות את עמדות המפלגות לגבי הבעיות הפוליטיות? | AD53: c40 | AJ53: =COUNTA(B53:AH53) -> 1 | AL53: =COUNTA(F53:O53,R53:S53) -> 0
A54: האם לדעתך קיימים הבדלים בין רוב המפלגות בישראל? | AD54: c37 | AJ54: =COUNTA(B54:AH54) -> 1 | AL54: =COUNTA(F54:O54,R54:S54) -> 0
A55: האם לדעתך הליכוד הזה הוא שמאלי, ימני או מרכזי? | AD55: d36 | AJ55: =COUNTA(B55:AH55) -> 1 | AL55: =COUNTA(F55:O55,R55:S55) -> 0

Sheet זיקה רגשית
A1: שאלה | B1: 2022 | C1: 2021 | D1: 2020 | E1: 43709 | F1: 43556 | G1: 2015 | H1: 2013 | I1: 2009 | J1: 2006 | K1: 2003 | L1: 2001 | M1: 1999 | N1: 1996 | O1: 1992 | P1: 1987* | Q1: 1988* | R1: 1988 | S1: 1984 | T1: 1981 - 3 | U1: 1981 - 2 | V1: 1981 - 1 | W1: 1977 - 4 | X1: 1977 - 3 | Y1: 1977 - 2 | Z1: 1977 - 1 | AA1: 1973 - 5 | AB1: 1973 - 4 | AC1: 1973 - 3 | AD1: 1973 - 2 | AE1: 1973 - 1 | AF1: 1969 - 3 | AG1: 1969 - 2 | AH1: 1969 - 1 | AJ1: מספר חזרות | AL1: ספירה 84-19 | AN1: סה"כ מעל שתי חזרות
A2: מה יחסך לכל אחת מן המפלגות הבאות? הליכוד | B2: v49a | C2: v49A | D2: v49A | E2: c49_a | F2: v49A | G2: v51A | H2: v45A | I2: v63 | J2: a61 | K2: a27 | L2: a47 | M2: v43 | N2: c59 | O2: a102 | Q2: b111 | R2: f110 | S2: a27 | AJ2: =COUNTA(B2:AH2) -> 17 | AL2: =COUNTA(F2:O2,R2:S2) -> 12 | AN2: =COUNTIF(AL2:AL179,">=2") -> 46
A3: מה יחסך לכל אחת מן המפלגות הבאות? כחול-לבן | B3: v49b | C3: v49B | D3: v49B | E3: c49_b | F3: v49B | AJ3: =COUNTA(B3:AH3) -> 5 | AL3: =COUNTA(F3:O3,R3:S3) -> 1
A4: מה יחסך לכל אחת מן המפלגות הבאות? יש עתיד | B4: v49z | C4: v49Z | G4: v51F | H4: v45F | AJ4: =COUNTA(B4:AH4) -> 4 | AL4: =COUNTA(F4:O4,R4:S4) -> 2
A5: מה יחסך לכל אחת מן המפלגות הבאות? שינוי | K5: a31 | AJ5: =COUNTA(B5:AH5) -> 1 | AL5: =COUNTA(F5:O5,R5:S5) -> 1
A6: מה יחסך לכל אחת מן המפלגות הבאות? מפלגת המרכז | M6: v40 | AJ6: =COUNTA(B6:AH6) -> 1 | AL6: =COUNTA(F6:O6,R6:S6) -> 1
A7: מה יחסך לכל אחת מן המפלגות הבאות? העבודה/המערך | B7: v49c | C7: v49C | D7: v49C | E7: v49_c | F7: v49C | G7: v51B | H7: v45B | I7: v62 | J7: a60 | K7: a28 | L7: a45 | M7: v41 | N7: c58 | O7: a101 | Q7: b110 | R7: f109 | S7: a26 | AJ7: =COUNTA(B7:AH7) -> 17 | AL7: =COUNTA(F7:O7,R7:S7) -> 12
A8: מה יחסך לכל אחת מן המפלגות הבאות? ישראל אחת | M8: v53 | AJ8: =COUNTA(B8:AH8) -> 1 | AL8: =COUNTA(F8:O8,R8:S8) -> 1
A9: מה יחסך לכל אחת מן המפלגות הבאות? קדימה | I9: v61 | J9: a59 | AJ9: =COUNTA(B9:AH9) -> 2 | AL9: =COUNTA(F9:O9,R9:S9) -> 2
A10: מה יחסך לכל אחת מן המפלגות הבאות? התנועה | H10: v51C | AJ10: =COUNTA(B10:AH10) -> 1 | AL10: =COUNTA(F10:O10,R10:S10) -> 1
A11: מה יחסך לכל אחת מן המפלגות הבאות? מרצ | B11: v49f | C11: v49F | E11: c49_f | F11: v49F | G11: v51G | H11: v45G | I11: v64 | J11: a62 | K11: a29 | M11: v44 | N11: c61 | AJ11: =COUNTA(B11:AH11) -> 11 | AL11: =COUNTA(F11:O11,R11:S11) -> 8
A12: מה יחסך לכל אחת מן המפלגות הבאות? ימינה | C12: v49D | D12: v49D | E12: c49_d | F12: v49D | AJ12: =COUNTA(B12:AH12) -> 4 | AL12: =COUNTA(F12:O12,R12:S12) -> 1
A13: מה יחסך לכל אחת מן המפלגות הבאות? תקווה חדשה | C13: v49X | AJ13: =COUNTA(B13:AH13) -> 1 | AL13: =COUNTA(F13:O13,R13:S13) -> 0
A14: מה יחסך לכל אחת מהמפלגות הבאות? הבית היהודי/מפד"ל | B14: v49s | C14: v49S | F14: v49E | G14: v51C | H14: v45D | I14: v65 | J14: a63 | K14: a30 | AJ14: =COUNTA(B14:AH14) -> 8 | AL14: =COUNTA(F14:O14,R14:S14) -> 6
A15: מה יחסך לכל אחת מן המפלגות הבאות? ישראל ביתנו | B15: v49h | C15: v49H | D15: v49H | E15: c49_h | F15: v49H | G15: v51H | I15: v66 | J15: a64 | K15: a32 | AJ15: =COUNTA(B15:AH15) -> 9 | AL15: =COUNTA(F15:O15,R15:S15) -> 5
A16: מה יחסך לכל אחת מן המפלגות הבאות? ש"ס | B16: v49i | C16: v49I | D16: v49I | F16: v49I | G16: v51E | H16: v45E | I16: v67 | J16: a65 | K16: a33 | AJ16: =COUNTA(B16:AH16) -> 9 | AL16: =COUNTA(F16:O16,R16:S16) -> 6
A17: מה יחסך לכל אחת מן המפלגות הבאות? ישראל בעליה | K17: a34 | AJ17: =COUNTA(B17:AH17) -> 1 | AL17: =COUNTA(F17:O17,R17:S17) -> 1
A18: מה יחסך לכל אחת מן המפלגות הבאות? עוצמה יהודית | D18: v49S | F18: v49S | G18: v51I | AJ18: =COUNTA(B18:AH18) -> 3 | AL18: =COUNTA(F18:O18,R18:S18) -> 2
A19: מה יחסך לכל אחת מן המפלגות הבאות? יהדות התורה | B19: v49k | C19: v49K | D19: v49K | AJ19: =COUNTA(B19:AH19) -> 3 | AL19: =COUNTA(F19:O19,R19:S19) -> 0
A20: מה יחסך לכל אחת מן המפלגות הבאות? כולנו | F20: v49G | G20: v51D | AJ20: =COUNTA(B20:AH20) -> 2 | AL20: =COUNTA(F20:O20,R20:S20) -> 2
A21: מה יחסך לכל אחת מן המפלגות הבאות? הרשימה המשותפת | B21: v49j | C21: v49J | D21: v49J | E21: c49_j | F21: v49J | G21: v51J | AJ21: =COUNTA(B21:AH21) -> 6 | AL21: =COUNTA(F21:O21,R21:S21) -> 2
A22: מה יחסך לכל אחת מן המפלגות הבאות? רע"מ-בל"ד | F22: v49R | AJ22: =COUNTA(B22:AH22) -> 1 | AL22: =COUNTA(F22:O22,R22:S22) -> 1
A23: מה יחסך לכל אחת מן המפלגות הבאות? רע"מ-תע"ל | H23: v45I | AJ23: =COUNTA(B23:AH23) -> 1 | AL23: =COUNTA(F23:O23,R23:S23) -> 1
A24: מה יחסך לכל אחת מן המפלגות הבאות? חד"ש | G24: v51K | H24: v45H | AJ24: =COUNTA(B24:AH24) -> 2 | AL24: =COUNTA(F24:O24,R24:S24) -> 2
A25: מה יחסך לכל אחת מן המפלגות הבאות? תע"ל | G25: v51L | AJ25: =COUNTA(B25:AH25) -> 1 | AL25: =COUNTA(F25:O25,R25:S25) -> 1
A26: מה יחסך לכל אחת מן המפלגות הבאות? רע"מ | B26: v49y | C26: v49Y | G26: v51M | AJ26: =COUNTA(B26:AH26) -> 3 | AL26: =COUNTA(F26:O26,R26:S26) -> 1
A27: מה יחסך לכל אחת מן המפלגות הבאות? בל"ד | B27: v49t | G27: v51N | H27: v45J | AJ27: =COUNTA(B27:AH27) -> 3 | AL27: =COUNTA(F27:O27,R27:S27) -> 2
A28: לאחר הבחירות, מה יחסך לכל אחת מן מפלגות הבאות: הציונות הדתית | C28: F49S_1 | AJ28: =COUNTA(B28:AH28) -> 1 | AL28: =COUNTA(F28:O28,R28:S28) -> 0
A29: לאחר הבחירות, מה יחסך לכל אחת מן מפלגות הבאות: ימינה | C29: F49D_1 | AJ29: =COUNTA(B29:AH29) -> 1 | AL29: =COUNTA(F29:O29,R29:S29) -> 0
A30: לאחר הבחירות, מה יחסך לכל אחת מן מפלגות הבאות: הרשימה המשותפת | C30: F49J_1 | AJ30: =COUNTA(B30:AH30) -> 1 | AL30: =COUNTA(F30:O30,R30:S30) -> 0
A31: לאחר הבחירות, מה יחסך לכל אחת מן מפלגות הבאות: רע"מ | C31: F49Y_1 | AJ31: =COUNTA(B31:AH31) -> 1 | AL31: =COUNTA(F31:O31,R31:S31) -> 0
A32: לאחר הבחירות, מה יחסך לכל אחת מן מפלגות הבאות: יהדות התורה | C32: F49K_1 | AJ32: =COUNTA(B32:AH32) -> 1 | AL32: =COUNTA(F32:O32,R32:S32) -> 0
A33: על סולם שבו 0 משמעו דחייה ושנאה, 10 משמעו תמיכה ואהדה ו-5 משמעו אמצע, מה יחסך לימנים? | B33: v50 | C33: v50 | D33: v50 | F33: v50 | AJ33: =COUNTA(B33:AH33) -> 4 | AL33: =COUNTA(F33:O33,R33:S33) -> 1
A34: על סולם שבו 0 משמעו דחייה ושנאה, 10 משמעו תמיכה ואהדה ו-5 משמעו אמצע, מה יחסך לשמאלנים? | B34: v51 | C34: v51 | D34: v51 | F34: v51 | AJ34: =COUNTA(B34:AH34) -> 4 | AL34: =COUNTA(F34:O34,R34:S34) -> 1
A35: מה יחסך לערבים? | B35: v623 | C35: v623 | K35: a37 | L35: a54 | M35: v55 | N35: c63 | O35: a106 | Q35: b114 | R35: f113 | S35: a30 | AJ35: =COUNTA(B35:AH35) -> 10 | AL35: =COUNTA(F35:O35,R35:S35) -> 7
A36: מה יחסך לדתיים? | L36: a48 | M36: v45 | N36: c62 | O36: a107 | Q36: b116 | R36: f115 | S36: a32 | AJ36: =COUNTA(B36:AH36) -> 7 | AL36: =COUNTA(F36:O36,R36:S36) -> 6
A37: מה יחסך לחרדים? | B37: v622a | C37: v622 | M37: v54 | AJ37: =COUNTA(B37:AH37) -> 3 | AL37: =COUNTA(F37:O37,R37:S37) -> 1
A38: מה יחסך לחילונים? | B38: v622b | AJ38: =COUNTA(B38:AH38) -> 1
A39: מה יחסך לאשכנזים? | Q39: b117 | R39: f116 | S39: a33 | AJ39: =COUNTA(B39:AH39) -> 3 | AL39: =COUNTA(F39:O39,R39:S39) -> 2
A40: מה יחסך לספרדים? | Q40: b120 | R40: f119 | S40: a36 | AJ40: =COUNTA(B40:AH40) -> 3 | AL40: =COUNTA(F40:O40,R40:S40) -> 2
A41: מה יחסך למועצת יש"ע? | N41: c60 | AJ41: =COUNTA(B41:AH41) -> 1 | AL41: =COUNTA(F41:O41,R41:S41) -> 1
A42: מה יחסך לתנועה האסלאמית? | N42: c64 | AJ42: =COUNTA(B42:AH42) -> 1 | AL42: =COUNTA(F42:O42,R42:S42) -> 1
A43: מה יחסך לתנועת גוש אמונים? | O43: a108 | Q43: b123 | R43: f122 | S43: a39 | AJ43: =COUNTA(B43:AH43) -> 4 | AL43: =COUNTA(F43:O43,R43:S43) -> 3
A44: מה יחסך לתנועת שלום עכשיו? | O44: a109 | Q44: b124 | R44: f123 | S44: a40 | AJ44: =COUNTA(B44:AH44) -> 4 | AL44: =COUNTA(F44:O44,R44:S44) -> 3
A45: ועל אותו סולם, מה יחסך לאישים הבאים? בנימין נתניהו | B45: v52a | C45: v52A | D45: v52A | E45: c52_a | F45: v52A | G45: v56A | H45: v46A | I45: v71 | J45: a70 | L45: a51 | M45: v50 | N45: c67 | AJ45: =COUNTA(B45:AH45) -> 12 | AL45: =COUNTA(F45:O45,R45:S45) -> 8
A46: ועל אותו סולם, מה יחסך לאישים הבאים? אריאל שרון | J46: a73 | K46: a36 | L46: a46 | Q46: b115 | R46: f114 | S46: a31 | AJ46: =COUNTA(B46:AH46) -> 6 | AL46: =COUNTA(F46:O46,R46:S46) -> 5
A47: ועל אותו סולם, מה יחסך לאישים הבאים? יצחק שמיר | O47: a103 | Q47: b113 | R47: f112 | S47: a29 | AJ47: =COUNTA(B47:AH47) -> 4 | AL47: =COUNTA(F47:O47,R47:S47) -> 3
A48: ועל אותו סולם, מה יחסך לאישים הבאים? מנחם בגין | Q48: b122 | R48: f121 | S48: a38 | AJ48: =COUNTA(B48:AH48) -> 3 | AL48: =COUNTA(F48:O48,R48:S48) -> 2
A49: ועל אותו סולם, מה יחסך לאישים הבאים? אהוד אולמרט | J49: a68 | AJ49: =COUNTA(B49:AH49) -> 1 | AL49: =COUNTA(F49:O49,R49:S49) -> 1
A50: ועל אותו סולם, מה יחסך לאישים הבאים? בני בגין | M50: v42 | AJ50: =COUNTA(B50:AH50) -> 1 | AL50: =COUNTA(F50:O50,R50:S50) -> 1
A51: ועל אותו סולם, מה יחסך לאישים הבאים? איציק מרדכי | M51: v46 | AJ51: =COUNTA(B51:AH51) -> 1 | AL51: =COUNTA(F51:O51,R51:S51) -> 1
A52: ועל אותו סולם, מה יחסך לאישים הבאים? דוד לוי | Q52: b118 | R52: f117 | S52: a34 | AJ52: =COUNTA(B52:AH52) -> 3 | AL52: =COUNTA(F52:O52,R52:S52) -> 2
A53: ועל אותו סולם, מה יחסך לאישים הבאים? יצחק נבון | Q53: b119 | R53: f118 | S53: a35 | AJ53: =COUNTA(B53:AH53) -> 3 | AL53: =COUNTA(F53:O53,R53:S53) -> 2
A54: ועל אותו סולם, מה יחסך לאישים הבאים? בני גנץ | B54: v52b | C54: v52B | D54: v52B | E54: c52_b | F54: v52B | AJ54: =COUNTA(B54:AH54) -> 5 | AL54: =COUNTA(F54:O54,R54:S54) -> 1
A55: ועל אותו סולם, מה יחסך לאישים הבאים? אביגדור ליברמן | D55: v52I | E55: c52_i | F55: v52I | G55: v56H | H55: v46E | J55: a74 | AJ55: =COUNTA(B55:AH55) -> 6 | AL55: =COUNTA(F55:O55,R55:S55) -> 4
A56: ועל אותו סולם, מה יחסך לאישים הבאים? יאיר לפיד | B56: v52c | C56: v52C | F56: v52C | G56: v56F | H56: v46F | AJ56: =COUNTA(B56:AH56) -> 5 | AL56: =COUNTA(F56:O56,R56:S56) -> 3
A57: ועל אותו סולם, מה יחסך לאישים הבאים? עמרם מצנע | K57: a37 | AJ57: =COUNTA(B57:AH57) -> 1 | AL57: =COUNTA(F57:O57,R57:S57) -> 1
A58: ועל אותו סולם, מה יחסך לאישים הבאים? יצחק רבין | N58: c66 | O58: a104 | Q58: b121 | R58: f120 | S58: a37 | AJ58: =COUNTA(B58:AH58) -> 5 | AL58: =COUNTA(F58:O58,R58:S58) -> 4
A59: ועל אותו סולם, מה יחסך לאישים הבאים? שמעון פרס | J59: a71 | L59: a52 | M59: v51 | N59: c68 | O59: a105 | Q59: b112 | R59: f111 | S59: a28 | AJ59: =COUNTA(B59:AH59) -> 8 | AL59: =COUNTA(F59:O59,R59:S59) -> 7
A60: ועל אותו סולם, מה יחסך לאישים הבאים? אהוד ברק | I60: v70 | L60: a59 | M60: v48 | AJ60: =COUNTA(B60:AH60) -> 3 | AL60: =COUNTA(F60:O60,R60:S60) -> 3
A61: ועל אותו סולם, מה יחסך לאישים הבאים? שלי יחימוביץ | H61: v46B | AJ61: =COUNTA(B61:AH61) -> 1 | AL61: =COUNTA(F61:O61,R61:S61) -> 1
A62: ועל אותו סולם, מה יחסך לאישים הבאים? יצחק הרצוג | G62: v56B | AJ62: =COUNTA(B62:AH62) -> 1 | AL62: =COUNTA(F62:O62,R62:S62) -> 1
A63: ועל אותו סולם, מה יחסך לאישים הבאים? ציפי לבני | G63: v56Z | H63: v46C | I63: v69 | AJ63: =COUNTA(B63:AH63) -> 3 | AL63: =COUNTA(F63:O63,R63:S63) -> 3
A64: ועל אותו סולם, מה יחסך לאישים הבאים? אבי גבאי | F64: v52D | AJ64: =COUNTA(B64:AH64) -> 1 | AL64: =COUNTA(F64:O64,R64:S64) -> 1
A65: ועל אותו סולם, מה יחסך לאישים הבאים? עמיר פרץ | E65: c52_d | J65: a69 | AJ65: =COUNTA(B65:AH65) -> 2 | AL65: =COUNTA(F65:O65,R65:S65) -> 1
A66: ועל אותו סולם, מה יחסך לאישים הבאים? מרב מיכאלי | C66: v52D | AJ66: =COUNTA(B66:AH66) -> 1 | AL66: =COUNTA(F66:O66,R66:S66) -> 0
A67: ועל אותו סולם, מה יחסך לאישים הבאים? גדעון סער | C67: v52Z | AJ67: =COUNTA(B67:AH67) -> 1 | AL67: =COUNTA(F67:O67,R67:S67) -> 0
A68: ועל אותו סולם, מה יחסך לאישים הבאים? נפתלי בנט | C68: v52E | F68: v52E | G68: v56C | H68: v46G | AJ68: =COUNTA(B68:AH68) -> 4 | AL68: =COUNTA(F68:O68,R68:S68) -> 3
A69: ועל אותו סולם, מה יחסך לאישים הבאים? איילת שקד | E69: c52_e | AJ69: =COUNTA(B69:AH69) -> 1 | AL69: =COUNTA(F69:O69,R69:S69) -> 0
A70: ועל אותו סולם, מה יחסך לאישים הבאים? בני אלון | J70: a76 | AJ70: =COUNTA(B70:AH70) -> 1 | AL70: =COUNTA(F70:O70,R70:S70) -> 1
A71: ועל אותו סולם, מה יחסך לאישים הבאים? בצלאל סמוטריץ' | F71: v52F | AJ71: =COUNTA(B71:AH71) -> 1 | AL71: =COUNTA(F71:O71,R71:S71) -> 1
A72: ועל אותו סולם, מה יחסך לאישים הבאים? הרב כהנא | Q72: b125 | R72: f124 | AJ72: =COUNTA(B72:AH72) -> 2 | AL72: =COUNTA(F72:O72,R72:S72) -> 1
A73: ועל אותו סולם, מה יחסך לאישים הבאים? יוסי ביילין | J73: a75 | AJ73: =COUNTA(B73:AH73) -> 1 | AL73: =COUNTA(F73:O73,R73:S73) -> 1
A74: ועל אותו סולם, מה יחסך לאישים הבאים? זהבה גלאון | G74: v56G | H74: v46H | AJ74: =COUNTA(B74:AH74) -> 2 | AL74: =COUNTA(F74:O74,R74:S74) -> 2
A75: ועל אותו סולם, מה יחסך לאישים הבאים? תמר זנדברג | F75: v52G | AJ75: =COUNTA(B75:AH75) -> 1 | AL75: =COUNTA(F75:O75,R75:S75) -> 1
A76: ועל אותו סולם, מה יחסך לאישים הבאים? ניצן הורוביץ | C76: v52G | E76: c52_g | AJ76: =COUNTA(B76:AH76) -> 2 | AL76: =COUNTA(F76:O76,R76:S76) -> 0
A77: ועל אותו סולם, מה יחסך לאישים הבאים? משה כחלון | F77: v52H | G77: v56D | AJ77: =COUNTA(B77:AH77) -> 2 | AL77: =COUNTA(F77:O77,R77:S77) -> 2
A78: ועל אותו סולם, מה יחסך לאישים הבאים? אריה דרעי | F78: v52J | G78: v56E | L78: a53 | M78: v52 | AJ78: =COUNTA(B78:AH78) -> 4 | AL78: =COUNTA(F78:O78,R78:S78) -> 4
A79: ועל אותו סולם, מה יחסך לאישים הבאים? אלי ישי | G79: v56I | H79: v46D | J79: a72 | AJ79: =COUNTA(B79:AH79) -> 3 | AL79: =COUNTA(F79:O79,R79:S79) -> 3
A80: ועל אותו סולם, מה יחסך לאישים הבאים? נתן שרנסקי | J80: a77 | AJ80: =COUNTA(B80:AH80) -> 1 | AL80: =COUNTA(F80:O80,R80:S80) -> 1
A81: ועל אותו סולם, מה יחסך לאישים הבאים? איימן עודה | C81: v52K | D81: v52K | E81: c52_k | F81: v52K | G81: v56J | AJ81: =COUNTA(B81:AH81) -> 5 | AL81: =COUNTA(F81:O81,R81:S81) -> 2
A82: ועל אותו סולם, מה יחסך לאישים הבאים? אחמד טיבי | D82: v52R | F82: v52R | G82: v56L | AJ82: =COUNTA(B82:AH82) -> 3 | AL82: =COUNTA(F82:O82,R82:S82) -> 2
A83: ועל אותו סולם, מה יחסך לאישים הבאים? מנסור עבאס | C83: v52S | F83: v52S | AJ83: =COUNTA(B83:AH83) -> 2 | AL83: =COUNTA(F83:O83,R83:S83) -> 1
A84: ועל אותו סולם, מה יחסך לאישים הבאים? מטאנס שחאדה | F84: v52T | AJ84: =COUNTA(B84:AH84) -> 1 | AL84: =COUNTA(F84:O84,R84:S84) -> 1
A85: ועל אותו סולם, מה יחסך לאישים הבאים? עאידה תומא-סולימן | F85: v52U | G85: v56P | AJ85: =COUNTA(B85:AH85) -> 2 | AL85: =COUNTA(F85:O85,R85:S85) -> 2
A86: ועל אותו סולם, מה יחסך לאישים הבאים? מסעוד גנאים | G86: v56M | AJ86: =COUNTA(B86:AH86) -> 1 | AL86: =COUNTA(F86:O86,R86:S86) -> 1
A87: ועל אותו סולם, מה יחסך לאישים הבאים? ג'מאל זחאלקה | G87: v56N | H87: v46K | AJ87: =COUNTA(B87:AH87) -> 2 | AL87: =COUNTA(F87:O87,R87:S87) -> 2
A88: ועל אותו סולם, מה יחסך לאישים הבאים? חנין זועבי | G88: v56O | AJ88: =COUNTA(B88:AH88) -> 1 | AL88: =COUNTA(F88:O88,R88:S88) -> 1
A89: ועל אותו סולם, מה יחסך לאישים הבאים? מוחמד בראכה | H89: v46I | AJ89: =COUNTA(B89:AH89) -> 1 | AL89: =COUNTA(F89:O89,R89:S89) -> 1
A90: ועל אותו סולם, מה יחסך לאישים הבאים? איברהים צרצור | H90: v46J | AJ90: =COUNTA(B90:AH90) -> 1 | AL90: =COUNTA(F90:O90,R90:S90) -> 1
A91: ועל אותו סולם, מה יחסך לאישים הבאים? עזמי בשארה | M91: v49 | AJ91: =COUNTA(B91:AH91) -> 1 | AL91: =COUNTA(F91:O91,R91:S91) -> 1
A92: ועל אותו סולם, מה יחסך לאישים הבאים? ערפאת | L92: a49 | M92: v47 | N92: c65 | AJ92: =COUNTA(B92:AH92) -> 3 | AL92: =COUNTA(F92:O92,R92:S92) -> 3
A93: לאיזו מפלגה אתה מרגיש הכי קרוב? | F93: v75 | AJ93: =COUNTA(B93:AH93) -> 1 | AL93: =COUNTA(F93:O93,R93:S93) -> 1
A94: עד כמה חשובה לך הזהות שלך כתומך ב(המפלגה שציין המרואיין)? | F94: v76 | AJ94: =COUNTA(B94:AH94) -> 1 | AL94: =COUNTA(F94:O94,R94:S94) -> 1
A95: באיזו מידה אתה מסכים או לא מסכים עם כל אחת מן הטענות הבאות: כשמישהו מעביר ביקורת על תומכים של (המפלגה שציין) זה מרגיש לך כמו עלבון אישי | F95: v77 | AJ95: =COUNTA(B95:AH95) -> 1 | AL95: =COUNTA(F95:O95,R95:S95) -> 1
A96: כשאתה פוגש מישהו שתומך ב(המפלגה שציין) אתה מרגיש קשור אליו | F96: v78 | AJ96: =COUNTA(B96:AH96) -> 1 | AL96: =COUNTA(F96:O96,R96:S96) -> 1
A97: כשאנשים אומרים דברים טובים על תומכים של (המפלגה שציין) זה גורם לך להרגשה טובה | F97: v79 | AJ97: =COUNTA(B97:AH97) -> 1 | AL97: =COUNTA(F97:O97,R97:S97) -> 1
A98: באיזו מידה את גאה להיות ישראלי? | B98: N11 | F98: v11_after | AJ98: =COUNTA(B98:AH98) -> 2 | AL98: =COUNTA(F98:O98,R98:S98) -> 1
A99: עד כמה חשוב לך המוצא העדתי שלך? | G99: v121 | AJ99: =COUNTA(B99:AH99) -> 1 | AL99: =COUNTA(F99:O99,R99:S99) -> 1
A100: ציין באיזו מידה כל אחד מהמשפטים הבאים נכון או לא נכון לגביך: אתה אדם שמתאים לו לקחת סיכונים | G100: v140 | AJ100: =COUNTA(B100:AH100) -> 1 | AL100: =COUNTA(F100:O100,R100:S100) -> 1
...

Sheet תכונות
A1: שאלה | B1: 2022 | C1: 2021 | D1: 2020 | E1: 43709 | F1: 43556 | G1: 2015 | H1: 2013 | I1: 2009 | J1: 2006 | K1: 2003 | L1: 2001 | M1: 1999 | N1: 1996 | O1: 1992 | P1: 1987* | Q1: 1988* | R1: 1988 | S1: 1984 | T1: 1981 - 3 | U1: 1981 - 2 | V1: 1981 - 1 | W1: 1977 - 4 | X1: 1977 - 3 | Y1: 1977 - 2 | Z1: 1977 - 1 | AA1: 1973 - 5 | AB1: 1973 - 4 | AC1: 1973 - 3 | AD1: 1973 - 2 | AE1: 1973 - 1 | AF1: 1969 - 3 | AG1: 1969 - 2 | AH1: 1969 - 1 | AJ1: מספר חזרות | AL1: ספירה 84-19 | AN1: סה"כ מעל שתי חזרות
A2: לפניך רשימה של תכונות שונות של מפלגות. לגבי כל אחת מהן, ציין לאיזו מפלגה היא מתאימה ביותר: מפלגה שתדע לעמוד בתוקף במו"מ על שטחים ושלום | I2: v109 | J2: b36 | K2: a78 | L2: a81 | M2: i60 | N2: cc51 | O2: a92 | Q2: b101 | R2: f101 | S2: a11 | AJ2: =COUNTA(B2:AH2) -> 10 | AL2: =COUNTA(F2:O2,R2:S2) -> 9 | AN2: =COUNTIF(AL2:AL235,">=2") -> 40
A3: ולמי הכי פחות? | I3: v110 | J3: b37 | AJ3: =COUNTA(B3:AH3) -> 2 | AL3: =COUNTA(F3:O3,R3:S3) -> 2
A4: לפניך רשימה של תכונות שונות של מפלגות. לגבי כל אחת מהן, ציין לאיזו מפלגה היא מתאימה ביותר: מפלגה שתשמור על המשטר הדמוקרטי במדינה | I4: v111 | J4: b38 | K4: a79 | M4: i61 | N4: cc52 | O4: a93 | Q4: b102 | R4: f102 | S4: a15 | AJ4: =COUNTA(B4:AH4) -> 9 | AL4: =COUNTA(F4:O4,R4:S4) -> 8
A5: ולמי הכי פחות? | I5: v112 | J5: b39 | AJ5: =COUNTA(B5:AH5) -> 2 | AL5: =COUNTA(F5:O5,R5:S5) -> 2
A6: לפניך רשימה של תכונות שונות של מפלגות. לגבי כל אחת מהן, ציין לאיזו מפלגה היא מתאימה ביותר: מפלגה שתוכל להוביל לשלום אמת עם הערבים | I6: v113 | J6: b40 | K6: a80 | L6: a83 | M6: i62 | N6: cc53 | O6: a94 | Q6: b105 | R6: f105 | AJ6: =COUNTA(B6:AH6) -> 9 | AL6: =COUNTA(F6:O6,R6:S6) -> 8
A7: ולמי הכי פחות? | I7: v114 | J7: b41 | AJ7: =COUNTA(B7:AH7) -> 2 | AL7: =COUNTA(F7:O7,R7:S7) -> 2
A8: לפניך רשימה של תכונות שונות של מפלגות. לגבי כל אחת מהן, ציין לאיזו מפלגה היא מתאימה ביותר: מפלגה שתדע לטפל בטרור | I8: v115 | J8: b42 | K8: a81 | L8: a82 | M8: i63 | N8: cc54 | O8: a95 | Q8: b106 | R8: f106 | AJ8: =COUNTA(B8:AH8) -> 9 | AL8: =COUNTA(F8:O8,R8:S8) -> 8
A9: ולמי הכי פחות? | I9: v116 | J9: b43 | AJ9: =COUNTA(B9:AH9) -> 2 | AL9: =COUNTA(F9:O9,R9:S9) -> 2
A10: לפניך רשימה של תכונות שונות של מפלגות. לגבי כל אחת מהן, ציין לאיזו מפלגה היא מתאימה ביותר: מפלגה שתבטיח רוב יהודי במדינה | I10: v117 | J10: b44 | M10: i59 | N10: cc50 | O10: a88 | Q10: b97 | R10: f97 | S10: a7 | T10: b42 | AJ10: =COUNTA(B10:AH10) -> 9 | AL10: =COUNTA(F10:O10,R10:S10) -> 7
A11: ולמי הכי פחות? | I11: v118 | J11: b45 | AJ11: =COUNTA(B11:AH11) -> 2 | AL11: =COUNTA(F11:O11,R11:S11) -> 2
A12: לפניך רשימה של תכונות שונות של מפלגות. לגבי כל אחת מהן, ציין לאיזו מפלגה היא מתאימה ביותר: מפלגה שיש בה שחיתות | I12: v119 | J12: b46 | K12: a83 | M12: i66 | N12: cc57 | O12: a98 | AJ12: =COUNTA(B12:AH12) -> 6 | AL12: =COUNTA(F12:O12,R12:S12) -> 6
A13: ולמי הכי פחות? | I13: v120 | J13: b47 | AJ13: =COUNTA(B13:AH13) -> 2 | AL13: =COUNTA(F13:O13,R13:S13) -> 2
A14: לפניך רשימה של תכונות שונות של מפלגות. לגבי כל אחת מהן, ציין לאיזו מפלגה היא מתאימה ביותר: מפלגה שתצמצם פערים חברתיים | I14: v121 | J14: b48 | K14: a84 | M14: i68 | N14: cc60 | AJ14: =COUNTA(B14:AH14) -> 5 | AL14: =COUNTA(F14:O14,R14:S14) -> 5
A15: ולמי הכי פחות? | I15: v122 | J15: b49 | AJ15: =COUNTA(B15:AH15) -> 2 | AL15: =COUNTA(F15:O15,R15:S15) -> 2
A16: לפניך רשימה של תכונות שונות של מפלגות. לגבי כל אחת מהן, ציין לאיזו מפלגה היא מתאימה ביותר: מפלגה שתוכל להביא להפרדה בין ישראל והפלסטינים | K16: a82 | M16: i65 | N16: cc56 | AJ16: =COUNTA(B16:AH16) -> 3 | AL16: =COUNTA(F16:O16,R16:S16) -> 3
A17: לפניך רשימה של תכונות שונות של מפלגות. לגבי כל אחת מהן, ציין לאיזו מפלגה היא מתאימה ביותר: תקטין את הפיצול בעם | L17: a84 | M17: i69 | AJ17: =COUNTA(B17:AH17) -> 2 | AL17: =COUNTA(F17:O17,R17:S17) -> 2
A18: לפניך רשימה של תכונות שונות של מפלגות. לגבי כל אחת מהן, ציין לאיזו מפלגה היא מתאימה ביותר: מפלגה שתצמצם את הפער העדתי | M18: i64 | N18: cc55 | O18: a89 | Q18: b98 | R18: f98 | S18: a8 | AJ18: =COUNTA(B18:AH18) -> 6 | AL18: =COUNTA(F18:O18,R18:S18) -> 5
A19: לפניך רשימה של תכונות שונות של מפלגות. לגבי כל אחת מהן, ציין לאיזו מפלגה היא מתאימה ביותר: מפלגה שמטפחת את הכבוד העצמי של בני עדות המזרח | O19: a91 | Q19: b100 | R19: f100 | S19: a10 | AJ19: =COUNTA(B19:AH19) -> 4 | AL19: =COUNTA(F19:O19,R19:S19) -> 3
A20: לפניך רשימה של תכונות שונות של מפלגות. לגבי כל אחת מהן, ציין לאיזו מפלגה היא מתאימה ביותר: מפלגה שתדע לשמור על היחסים עם ארה"ב | M20: i67 | N20: cc59 | O20: a99 | AJ20: =COUNTA(B20:AH20) -> 3 | AL20: =COUNTA(F20:O20,R20:S20) -> 3
A21: לפניך רשימה של תכונות שונות של מפלגות. לגבי כל אחת מהן, ציין לאיזו מפלגה היא מתאימה ביותר: מפלגה עם מנהיגים מנוסים | N21: cc58 | O21: a86 | Q21: b94 | R21: f94 | S21: a4 | T21: b40 | AJ21: =COUNTA(B21:AH21) -> 6 | AL21: =COUNTA(F21:O21,R21:S21) -> 4
A22: לפניך רשימה של תכונות שונות של מפלגות. לגבי כל אחת מהן, ציין לאיזו מפלגה היא מתאימה ביותר: מפלגה שתדאג לשכבות החלשות | O22: a87 | AJ22: =COUNTA(B22:AH22) -> 1 | AL22: =COUNTA(F22:O22,R22:S22) -> 1
A23: לפניך רשימה של תכונות שונות של מפלגות. לגבי כל אחת מהן, ציין לאיזו מפלגה היא מתאימה ביותר: מפלגה שתרמה לבנין הארץ | O23: a90 | Q23: b99 | R23: f99 | S23: a9 | T23: b43 | AJ23: =COUNTA(B23:AH23) -> 5 | AL23: =COUNTA(F23:O23,R23:S23) -> 3
A24: לפניך רשימה של תכונות שונות של מפלגות. לגבי כל אחת מהן, ציין לאיזו מפלגה היא מתאימה ביותר: מפלגה שתדע לקלוט עליה | O24: a96 | AJ24: =COUNTA(B24:AH24) -> 1 | AL24: =COUNTA(F24:O24,R24:S24) -> 1
A25: לפניך רשימה של תכונות שונות של מפלגות. לגבי כל אחת מהן, ציין לאיזו מפלגה היא מתאימה ביותר: מפלגה שתדע לצמצם את האבטלה | O25: a97 | AJ25: =COUNTA(B25:AH25) -> 1 | AL25: =COUNTA(F25:O25,R25:S25) -> 1
A26: לפניך רשימה של תכונות שונות של מפלגות. לגבי כל אחת מהן, ציין לאיזו מפלגה היא מתאימה ביותר: מפלגה שנותנת ייצוג הולם לעדות המזרח | Q26: b95 | R26: f96 | S26: a5 | AJ26: =COUNTA(B26:AH26) -> 3 | AL26: =COUNTA(F26:O26,R26:S26) -> 2
A27: לפניך רשימה של תכונות שונות של מפלגות. לגבי כל אחת מהן, ציין לאיזו מפלגה היא מתאימה ביותר: מפלגה שמבטיחה את עתיד המדינה | Q27: b96 | R27: f96 | S27: a6 | T27: b41 | AJ27: =COUNTA(B27:AH27) -> 4 | AL27: =COUNTA(F27:O27,R27:S27) -> 2
A28: לפניך רשימה של תכונות שונות של מפלגות. לגבי כל אחת מהן, ציין לאיזו מפלגה היא מתאימה ביותר: מפלגה עדתית | Q28: b103 | R28: f103 | AJ28: =COUNTA(B28:AH28) -> 2 | AL28: =COUNTA(F28:O28,R28:S28) -> 1
A29: לפניך רשימה של תכונות שונות של מפלגות. לגבי כל אחת מהן, ציין לאיזו מפלגה היא מתאימה ביותר: מפלגה שתדע לשמור על כמות השטחים הנחוצה למדינה | Q29: b104 | R29: f104 | AJ29: =COUNTA(B29:AH29) -> 2 | AL29: =COUNTA(F29:O29,R29:S29) -> 1
A30: לפניך רשימה של תכונות שונות של מפלגות. לגבי כל אחת מהן, ציין לאיזו מפלגה היא מתאימה ביותר: מפלגה שתדע איך ומתי להוביל למלחמה מוצלחת | Q30: b107 | R30: f107 | AJ30: =COUNTA(B30:AH30) -> 2 | AL30: =COUNTA(F30:O30,R30:S30) -> 1
A31: לפניך רשימה של תכונות שונות של מפלגות. לגבי כל אחת מהן, ציין לאיזו מפלגה היא מתאימה ביותר: מפלגה לאומית | Q31: b108 | R31: f108 | AJ31: =COUNTA(B31:AH31) -> 2 | AL31: =COUNTA(F31:O31,R31:S31) -> 1
A32: לפניך רשימה של תכונות שונות של מפלגות. לגבי כל אחת מהן, ציין לאיזו מפלגה היא מתאימה ביותר: מפלגה שממנה אנשים מתאימים לתפקידים מרכזיים מבלי להתחשב ברקע העדתי | S32: a12 | AJ32: =COUNTA(B32:AH32) -> 1 | AL32: =COUNTA(F32:O32,R32:S32) -> 1
A33: לפניך רשימה של תכונות שונות של מפלגות. לגבי כל אחת מהן, ציין לאיזו מפלגה היא מתאימה ביותר: מפלגה שתדע לצאת מלבנון ולהבטיח את הגבול הצפוני | S33: a13 | AJ33: =COUNTA(B33:AH33) -> 1 | AL33: =COUNTA(F33:O33,R33:S33) -> 1
A34: לפניך רשימה של תכונות שונות של מפלגות. לגבי כל אחת מהן, ציין לאיזו מפלגה היא מתאימה ביותר: מפלגה שמנצלת את עדות המזרח לצרכים פוליטיים | S34: a14 | AJ34: =COUNTA(B34:AH34) -> 1 | AL34: =COUNTA(F34:O34,R34:S34) -> 1
A35: לפניך רשימה של תכונות שונות של מפלגות. לגבי כל אחת מהן, ציין לאיזו מפלגה היא מתאימה ביותר: מפלגה חזקה | T35: b32 | AJ35: =COUNTA(B35:AH35) -> 1 | AL35: =COUNTA(F35:O35,R35:S35) -> 0
A36: לפניך רשימה של תכונות שונות של מפלגות. לגבי כל אחת מהן, ציין לאיזו מפלגה היא מתאימה ביותר: מפלגה בעלת ניסיון | T36: b33 | AJ36: =COUNTA(B36:AH36) -> 1 | AL36: =COUNTA(F36:O36,R36:S36) -> 0
A37: לפניך רשימה של תכונות שונות של מפלגות. לגבי כל אחת מהן, ציין לאיזו מפלגה היא מתאימה ביותר: מפלגה חדשנית | T37: b34 | AJ37: =COUNTA(B37:AH37) -> 1 | AL37: =COUNTA(F37:O37,R37:S37) -> 0
A38: לפניך רשימה של תכונות שונות של מפלגות. לגבי כל אחת מהן, ציין לאיזו מפלגה היא מתאימה ביותר: מפלגה צעירה | T38: b35 | AJ38: =COUNTA(B38:AH38) -> 1 | AL38: =COUNTA(F38:O38,R38:S38) -> 0
A39: לפניך רשימה של תכונות שונות של מפלגות. לגבי כל אחת מהן, ציין לאיזו מפלגה היא מתאימה ביותר: מפלגה מייצגת אשכזים ומזרחים | T39: b36 | AJ39: =COUNTA(B39:AH39) -> 1 | AL39: =COUNTA(F39:O39,R39:S39) -> 0
A40: לפניך רשימה של תכונות שונות של מפלגות. לגבי כל אחת מהן, ציין לאיזו מפלגה היא מתאימה ביותר: מפלגה דואגת בעיקר לאינטרסים של האזרח | T40: b37 | AJ40: =COUNTA(B40:AH40) -> 1 | AL40: =COUNTA(F40:O40,R40:S40) -> 0
A41: לפניך רשימה של תכונות שונות של מפלגות. לגבי כל אחת מהן, ציין לאיזו מפלגה היא מתאימה ביותר: מפלגה ישרה | T41: b38 | AJ41: =COUNTA(B41:AH41) -> 1 | AL41: =COUNTA(F41:O41,R41:S41) -> 0
A42: לפניך רשימה של תכונות שונות של מפלגות. לגבי כל אחת מהן, ציין לאיזו מפלגה היא מתאימה ביותר: מפלגה אמינה | T42: b39 | AJ42: =COUNTA(B42:AH42) -> 1 | AL42: =COUNTA(F42:O42,R42:S42) -> 0
A43: לפניך רשימה של תכונות של מנהיגים. לגבי כל אחת מהתכונות ציין למי היא מתאימה יותר? האם "כושר מנהיגות" מתאים יותר ל: | F43: v70 | G43: v82 | H43: v84 | I43: v123 | J43: b51 | K43: a85 | M43: i70 | N43: cc64 | O43: a112 | AJ43: =COUNTA(B43:AH43) -> 9 | AL43: =COUNTA(F43:O43,R43:S43) -> 9
A44: ולמי הכי פחות? | I44: v124 | J44: b52 | M44: i71 | AJ44: =COUNTA(B44:AH44) -> 3 | AL44: =COUNTA(F44:O44,R44:S44) -> 3
A45: האם "אכפתיות מאנשים כמוך" מתאימה יותר ל: | F45: v71 | G45: v83 | H45: v86 | AJ45: =COUNTA(B45:AH45) -> 3 | AL45: =COUNTA(F45:O45,R45:S45) -> 3
A46: האם "יושר והגינות" מתאים יותר ל: | F46: v72 | G46: v84 | H46: v87 | AJ46: =COUNTA(B46:AH46) -> 3 | AL46: =COUNTA(F46:O46,R46:S46) -> 3
A47: האם "אמין" מתאים יותר ל: | I47: v125 | J47: b52 | K47: a86 | L47: a77 | M47: i74 | N47: cc66 | O47: a114 | AJ47: =COUNTA(B47:AH47) -> 7 | AL47: =COUNTA(F47:O47,R47:S47) -> 7
A48: ולמי הכי פחות? | I48: v126 | J48: b53 | M48: i75 | AJ48: =COUNTA(B48:AH48) -> 3 | AL48: =COUNTA(F48:O48,R48:S48) -> 3
A49: האם "יעדיף את טובת המדינה על פני שיקולים אחרים" מתאים יותר ל: | I49: v127 | J49: b54 | K49: a87 | L49: a78 | M49: i80 | N49: cc68 | O49: a116 | AJ49: =COUNTA(B49:AH49) -> 7 | AL49: =COUNTA(F49:O49,R49:S49) -> 7
A50: ולמי הכי פחות? | I50: v128 | J50: b55 | M50: i81 | AJ50: =COUNTA(B50:AH50) -> 3 | AL50: =COUNTA(F50:O50,R50:S50) -> 3
A51: האם "יכולת טובה לניהול משא ומתן" מתאים יותר ל: | I51: v129 | J51: b56 | K51: a88 | M51: i84 | N51: cc71 | O51: a118 | AJ51: =COUNTA(B51:AH51) -> 6 | AL51: =COUNTA(F51:O51,R51:S51) -> 6
A52: ולמי הכי פחות? | I52: v130 | J52: b57 | M52: i85 | AJ52: =COUNTA(B52:AH52) -> 3 | AL52: =COUNTA(F52:O52,R52:S52) -> 3
A53: האם "ישמור על שלטון החוק" מתאים יותר ל: | I53: v131 | J53: b58 | K53: a89 | L53: a80 | M53: i88 | AJ53: =COUNTA(B53:AH53) -> 5 | AL53: =COUNTA(F53:O53,R53:S53) -> 5
A54: ולמי הכי פחות? | I54: v132 | J54: b59 | M54: i89 | AJ54: =COUNTA(B54:AH54) -> 3 | AL54: =COUNTA(F54:O54,R54:S54) -> 3
A55: האם "יעמוד במצבי לחץ" מתאים יותר ל: | L55: a79 | M55: i86 | N55: cc72 | O55: a119 | AJ55: =COUNTA(B55:AH55) -> 4 | AL55: =COUNTA(F55:O55,R55:S55) -> 4
A56: ולמי הכי פחות? | M56: i87 | AJ56: =COUNTA(B56:AH56) -> 1 | AL56: =COUNTA(F56:O56,R56:S56) -> 1
A57: האם "בעל ניסיון" מתאים יותר ל: | M57: i72 | N57: cc69 | AJ57: =COUNTA(B57:AH57) -> 2 | AL57: =COUNTA(F57:O57,R57:S57) -> 2
A58: ולמי הכי פחות? | M58: i73 | AJ58: =COUNTA(B58:AH58) -> 1 | AL58: =COUNTA(F58:O58,R58:S58) -> 1
A59: האם "יוריד את המתח בין דתיים לחילונים" מתאים יותר ל: | M59: i76 | AJ59: =COUNTA(B59:AH59) -> 1 | AL59: =COUNTA(F59:O59,R59:S59) -> 1
A60: ולמי הכי פחות? | M60: i77 | AJ60: =COUNTA(B60:AH60) -> 1 | AL60: =COUNTA(F60:O60,R60:S60) -> 1
A61: האם "בעל כושר החלטה" מתאים יותר ל: | M61: i78 | N61: cc67 | O61: a115 | AJ61: =COUNTA(B61:AH61) -> 3 | AL61: =COUNTA(F61:O61,R61:S61) -> 3
A62: ולמי הכי פחות? | M62: i79 | AJ62: =COUNTA(B62:AH62) -> 1 | AL62: =COUNTA(F62:O62,R62:S62) -> 1
A63: האם "יוזמה ומעוף" מתאים יותר ל: | M63: i82 | N63: cc70 | O63: a117 | AJ63: =COUNTA(B63:AH63) -> 3 | AL63: =COUNTA(F63:O63,R63:S63) -> 3
A64: ולמי הכי פחות? | M64: i83 | AJ64: =COUNTA(B64:AH64) -> 1 | AL64: =COUNTA(F64:O64,R64:S64) -> 1
A65: האם "יצמצם פערים חברתיים" מתאים יותר ל: | M65: i90 | AJ65: =COUNTA(B65:AH65) -> 1 | AL65: =COUNTA(F65:O65,R65:S65) -> 1
A66: ולמי הכי פחות? | M66: i91 | AJ66: =COUNTA(B66:AH66) -> 1 | AL66: =COUNTA(F66:O66,R66:S66) -> 1
A67: האם "חזק" מתאים יותר ל: | N67: cc65 | O67: a113 | AJ67: =COUNTA(B67:AH67) -> 2 | AL67: =COUNTA(F67:O67,R67:S67) -> 2
A68: לפניך סולמות בני 7 דרגות המתארים תכונות שונות של מפלגות. חשוב בבקשה על המפלגה האידיאלית אותה היית רוצה לראות בשלטון ודרג אותה על סולמות אלו: צעירה-זקנה | S68: v47 | U68: a68 | AJ68: =COUNTA(B68:AH68) -> 2 | AL68: =COUNTA(F68:O68,R68:S68) -> 1
A69: לפניך סולמות בני 7 דרגות המתארים תכונות שונות של מפלגות. חשוב בבקשה על המפלגה האידיאלית אותה היית רוצה לראות בשלטון ודרג אותה על סולמות אלו: חזקה-חלשה | S69: v48 | U69: a64 | AE69: v22 | AJ69: =COUNTA(B69:AH69) -> 3 | AL69: =COUNTA(F69:O69,R69:S69) -> 1
A70: לפניך סולמות בני 7 דרגות המתארים תכונות שונות של מפלגות. חשוב בבקשה על המפלגה האידיאלית אותה היית רוצה לראות בשלטון ודרג אותה על סולמות אלו: ימנית-שמאלית | S70: v49 | U70: a65 | AE70: v23 | AJ70: =COUNTA(B70:AH70) -> 3 | AL70: =COUNTA(F70:O70,R70:S70) -> 1
A71: לפניך סולמות בני 7 דרגות המתארים תכונות שונות של מפלגות. חשוב בבקשה על המפלגה האידיאלית אותה היית רוצה לראות בשלטון ודרג אותה על סולמות אלו: מיושנת-חדשנית | S71: v50 | U71: a66 | AE71: v24 | AJ71: =COUNTA(B71:AH71) -> 3 | AL71: =COUNTA(F71:O71,R71:S71) -> 1
A72: לפניך סולמות בני 7 דרגות המתארים תכונות שונות של מפלגות. חשוב בבקשה על המפלגה האידיאלית אותה היית רוצה לראות בשלטון ודרג אותה על סולמות אלו: מעמד בינוני-מעמד פועלים | S72: v51 | U72: a67 | AE72: v25 | AJ72: =COUNTA(B72:AH72) -> 3 | AL72: =COUNTA(F72:O72,R72:S72) -> 1
A73: לפניך סולמות בני 7 דרגות המתארים תכונות שונות של מפלגות. חשוב בבקשה על המפלגה האידיאלית אותה היית רוצה לראות בשלטון ודרג אותה על סולמות אלו: ספרדית-אשכנזית | S73: v52 | U73: a69 | AJ73: =COUNTA(B73:AH73) -> 2 | AL73: =COUNTA(F73:O73,R73:S73) -> 1
A74: לפניך סולמות בני 7 דרגות המתארים תכונות שונות של מפלגות. חשוב בבקשה על המפלגה האידיאלית אותה היית רוצה לראות בשלטון ודרג אותה על סולמות אלו: דואגת בעיקר לעצמה-דואגת בעיקר לאזרחים | S74: v53 | U74: a70 | AJ74: =COUNTA(B74:AH74) -> 2 | AL74: =COUNTA(F74:O74,R74:S74) -> 1
A75: לפניך סולמות בני 7 דרגות המתארים תכונות שונות של מפלגות. חשוב בבקשה על המפלגה האידיאלית אותה היית רוצה לראות בשלטון ודרג אותה על סולמות אלו: חסרת ניסיון-בעלת ניסיון | S75: v54 | U75: a71 | AE75: v26 | AJ75: =COUNTA(B75:AH75) -> 3 | AL75: =COUNTA(F75:O75,R75:S75) -> 1
A76: לפניך סולמות בני 7 דרגות המתארים תכונות שונות של מפלגות. חשוב בבקשה על המפלגה האידיאלית אותה היית רוצה לראות בשלטון ודרג אותה על סולמות אלו: יונית-ניצית | S76: v55 | AJ76: =COUNTA(B76:AH76) -> 1 | AL76: =COUNTA(F76:O76,R76:S76) -> 1
A77: עכשיו אתה מתבקש לדרג את המערך על סולמות אלה: צעירה-זקנה | S77: v57 | U77: a77 | AE77: v72 | AJ77: =COUNTA(B77:AH77) -> 3 | AL77: =COUNTA(F77:O77,R77:S77) -> 1
A78: עכשיו אתה מתבקש לדרג את המערך על סולמות אלה: חזקה-חלשה | S78: v58 | U78: a73 | AE78: v71 | AJ78: =COUNTA(B78:AH78) -> 3 | AL78: =COUNTA(F78:O78,R78:S78) -> 1
A79: עכשיו אתה מתבקש לדרג את המערך על סולמות אלה: ימנית-שמאלית | S79: v59 | U79: a74 | AE79: v73 | AJ79: =COUNTA(B79:AH79) -> 3 | AL79: =COUNTA(F79:O79,R79:S79) -> 1
A80: עכשיו אתה מתבקש לדרג את המערך על סולמות אלה: מיושנת-חדשנית | S80: v60 | U80: a75 | AE80: v74 | AJ80: =COUNTA(B80:AH80) -> 3 | AL80: =COUNTA(F80:O80,R80:S80) -> 1
A81: עכשיו אתה מתבקש לדרג את המערך על סולמות אלה: מעמד ביניים-מעמד פועלים | S81: v61 | U81: a76 | AE81: b4 | AJ81: =COUNTA(B81:AH81) -> 3 | AL81: =COUNTA(F81:O81,R81:S81) -> 1
A82: עכשיו אתה מתבקש לדרג את המערך על סולמות אלה: ספרדית-אשכנזית | S82: v62 | U82: a78 | AE82: b3 | AJ82: =COUNTA(B82:AH82) -> 3 | AL82: =COUNTA(F82:O82,R82:S82) -> 1
A83: עכשיו אתה מתבקש לדרג את המערך על סולמות אלה: דואגת בעיקר לעצמה-דואגת בעיקר לאזרח | S83: v63 | U83: a79 | AJ83: =COUNTA(B83:AH83) -> 2 | AL83: =COUNTA(F83:O83,R83:S83) -> 1
A84: עכשיו אתה מתבקש לדרג את המערך על סולמות אלה: ישרה-מושחתת | S84: v64 | U84: a80 | AE84: b5 | AJ84: =COUNTA(B84:AH84) -> 3 | AL84: =COUNTA(F84:O84,R84:S84) -> 1
A85: עכשיו אתה מתבקש לדרג את המערך על סולמות אלה: חסרת ניסיון-בעלת ניסיון | S85: v65 | U85: a81 | AE85: b6 | AJ85: =COUNTA(B85:AH85) -> 3 | AL85: =COUNTA(F85:O85,R85:S85) -> 1
A86: עכשיו אתה מתבקש לדרג את המערך על סולמות אלה: בלתי אמינה-אמינה | S86: v66 | U86: a82 | AJ86: =COUNTA(B86:AH86) -> 2 | AL86: =COUNTA(F86:O86,R86:S86) -> 1
A87: עכשיו אתה מתבקש לדרג את המערך על סולמות אלה: יונית-ניצית | S87: v67 | AJ87: =COUNTA(B87:AH87) -> 1 | AL87: =COUNTA(F87:O87,R87:S87) -> 1
A88: עכשיו אתה מתבקש לדרג את הליכוד על סולמות אלה: צעירה-זקנה | S88: v69 | U88: a88 | AE88: v58 | AJ88: =COUNTA(B88:AH88) -> 3 | AL88: =COUNTA(F88:O88,R88:S88) -> 1
A89: עכשיו אתה מתבקש לדרג את הליכוד על סולמות אלה: חזקה-חלשה | S89: v70 | U89: a84 | AE89: v57 | AJ89: =COUNTA(B89:AH89) -> 3 | AL89: =COUNTA(F89:O89,R89:S89) -> 1
A90: עכשיו אתה מתבקש לדרג את הליכוד על סולמות אלה: ימנית-שמאלית | S90: v71 | U90: a85 | AE90: v59 | AJ90: =COUNTA(B90:AH90) -> 3 | AL90: =COUNTA(F90:O90,R90:S90) -> 1
A91: עכשיו אתה מתבקש לדרג את הליכוד על סולמות אלה: מיושנת-חדשנית | S91: v72 | U91: a86 | AE91: v60 | AJ91: =COUNTA(B91:AH91) -> 3 | AL91: =COUNTA(F91:O91,R91:S91) -> 1
A92: עכשיו אתה מתבקש לדרג את הליכוד על סולמות אלה: מעמד ביניים-מעמד פועלים | S92: v73 | U92: a87 | AE92: v62 | AJ92: =COUNTA(B92:AH92) -> 3 | AL92: =COUNTA(F92:O92,R92:S92) -> 1
A93: עכשיו אתה מתבקש לדרג את הליכוד על סולמות אלה: ספרדית-אשכנזית | S93: v74 | U93: a89 | AE93: v61 | AJ93: =COUNTA(B93:AH93) -> 3 | AL93: =COUNTA(F93:O93,R93:S93) -> 1
A94: עכשיו אתה מתבקש לדרג את הליכוד על סולמות אלה: דואגת בעיקר לעצמה-דואגת בעיקר לאזרח | S94: v75 | U94: a90 | AJ94: =COUNTA(B94:AH94) -> 2 | AL94: =COUNTA(F94:O94,R94:S94) -> 1
A95: עכשיו אתה מתבקש לדרג את הליכוד על סולמות אלה: ישרה-מושחתת | S95: v76 | U95: a91 | AE95: v63 | AJ95: =COUNTA(B95:AH95) -> 3 | AL95: =COUNTA(F95:O95,R95:S95) -> 1
A96: עכשיו אתה מתבקש לדרג את הליכוד על סולמות אלה: חסרת ניסיון-בעלת ניסיון | S96: v77 | U96: a92 | AE96: v64 | AJ96: =COUNTA(B96:AH96) -> 3 | AL96: =COUNTA(F96:O96,R96:S96) -> 1
A97: עכשיו אתה מתבקש לדרג את הליכוד על סולמות אלה: בלתי אמינה-אמינה | S97: v78 | U97: a93 | AJ97: =COUNTA(B97:AH97) -> 2 | AL97: =COUNTA(F97:O97,R97:S97) -> 1
A98: עכשיו אתה מתבקש לדרג את הליכוד על סולמות אלה: יונית-ניצית | S98: a2 | AJ98: =COUNTA(B98:AH98) -> 1 | AL98: =COUNTA(F98:O98,R98:S98) -> 1
A99: לפניך רשימת של תכונות והיפוכן. לגבי כל אחת מהן ציין מה מתאים למערכת הבחירות המתנהלת: חיובית-שלילית | T99: b110 | AJ99: =COUNTA(B99:AH99) -> 1 | AL99: =COUNTA(F99:O99,R99:S99) -> 0
A100: לפניך רשימת של תכונות והיפוכן. לגבי כל אחת מהן ציין מה מתאים למערכת הבחירות המתנהלת: קצרה-ארוכה | T100: b111 | AJ100: =COUNTA(B100:AH100) -> 1 | AL100: =COUNTA(F100:O100,R100:S100) -> 0
...

Sheet הצבעה
A1: שאלה | B1: 2022 | C1: 2021 | D1: 2020 | E1: 43709 | F1: 43556 | G1: 2015 | H1: 2013 | I1: 2009 | J1: 2006 | K1: 2003 | L1: 2001 | M1: 1999 | N1: 1996 | O1: 1992 | P1: 1987* | Q1: 1988* | R1: 1988 | S1: 1984 | T1: 1981 - 3 | U1: 1981 - 2 | V1: 1981 - 1 | W1: 1977 - 4 | X1: 1977 - 3 | Y1: 1977 - 2 | Z1: 1977 - 1 | AA1: 1973 - 5 | AB1: 1973 - 4 | AC1: 1973 - 3 | AD1: 1973 - 2 | AE1: 1973 - 1 | AF1: 1969 - 3 | AG1: 1969 - 2 | AH1: 1969 - 1 | AJ1: מספר חזרות | AL1: ספירה 84-19 | AN1: סה"כ מעל שתי חזרות
A2: ישנם גורמים שונים בגללם אנשים יצביעו דווקא למפלגה מסוימת בכנסת. מבין הגורמים הבאים, מהוא הגורם העיקרי המשפיע עליך להצבעה למפלגה מסוימת? | B2: v63 | C2: v63 | D2: v63 | F2: v63 | G2: v64 | I2: v81 | J2: a90 | K2: a56 | M2: i39 | N2: cc25 | O2: a62 | Q2: b73 | R2: f76 | S2: v36 | U2: a37 | V2: v38 | W2: c2 | Z2: v37 | AC2: f17 | AF2: b51 | AG2: b43 | AH2: b48 | AJ2: =COUNTA(B2:AH2) -> 22 | AL2: =COUNTA(F2:O2,R2:S2) -> 10 | AN2: =COUNTIF(AL2:AL196,">=2") -> 44
A3: יש גורמים שונים בגללם אנשים מצביעים למועמד מסויים לראשות הממשלה ולא לאחר. מבין הגורמים הבאים, מהו הגורם העיקרי המשפיע עליך להצביע למועמד שלך? | L3: a57 | M3: v58 | N3: c72 | AJ3: =COUNTA(B3:AH3) -> 3 | AL3: =COUNTA(F3:O3,R3:S3) -> 3
A4: ישנם גורמים שונים עיקריים המביאים אדם להצביע למפלגה מסויימת. האם לדעתך יש גורם אחד בולט, הנראה לך כחשוב מכולם בקביעת הצבעתך? | AF4: b50 | AG4: b41 | AH4: b47 | AJ4: =COUNTA(B4:AH4) -> 3 | AL4: =COUNTA(F4:O4,R4:S4) -> 0
A5: באיזו מידה ישפיע או לא ישפיע כל אחד מהנושאים הבאים על ההצבעה שלך לכנסת? מדיניות כלכלית-חברתית | B5: v64 | C5: v64 | D5: v64 | F5: v64 | G5: v65 | AD5: c60 | AE5: v46 | AJ5: =COUNTA(B5:AH5) -> 7 | AL5: =COUNTA(F5:O5,R5:S5) -> 2
A6: באיזו מידה ישפיע או לא ישפיע כל אחד מהנושאים הבאים על ההצבעה שלך לכנסת? כלכלה | H6: v59 | I6: v83 | J6: a92 | K6: a58 | M6: i24 | N6: cc13 | O6: a54 | Q6: b65 | R6: f68 | Z6: v24 | AJ6: =COUNTA(B6:AH6) -> 10 | AL6: =COUNTA(F6:O6,R6:S6) -> 8
A7: באיזו מידה ישפיע או לא ישפיע כל אחד מהנושאים הבאים על ההצבעה שלך לכנסת? מדיניות חברתית | H7: v60 | I7: v84 | J7: a93 | K7: a59 | M7: i26 | AJ7: =COUNTA(B7:AH7) -> 5 | AL7: =COUNTA(F7:O7,R7:S7) -> 5
A8: באיזו מידה ישפיע או לא ישפיע כל אחד מהנושאים הבאים על ההצבעה שלך לכנסת? דת ומדינה | B8: v65 | C8: v65 | D8: v65 | F8: v65 | G8: v66 | H8: v61 | I8: v85 | J8: a94 | K8: a60 | M8: i27 | AJ8: =COUNTA(B8:AH8) -> 10 | AL8: =COUNTA(F8:O8,R8:S8) -> 7
A9: באיזו מידה ישפיע או לא ישפיע כל אחד מהנושאים הבאים על ההצבעה שלך לכנסת? שלום ושטחים | B9: v66 | C9: v66 | D9: v66 | F9: v66 | G9: v67 | H9: v62 | I9: v86 | J9: a95 | K9: a61 | M9: i29 | N9: cc14 | O9: a49 | Q9: b55 | R9: f57 | S9: v14 | Z9: v15 | AD9: c63 | AE9: v54 | AJ9: =COUNTA(B9:AH9) -> 18 | AL9: =COUNTA(F9:O9,R9:S9) -> 11
A10: באיזו מידה ישפיע או לא ישפיע כל אחד מהנושאים הבאים על ההצבעה שלך לכנסת? בטחון וטרור | D10: v67 | F10: v67 | G10: v68 | H10: v63 | I10: v87 | J10: a96 | K10: a62 | M10: i25 | N10: cc15 | P10: a61 | T10: b12 | AJ10: =COUNTA(B10:AH10) -> 11 | AL10: =COUNTA(F10:O10,R10:S10) -> 8
A11: באיזו מידה ישפיע או לא ישפיע כל אחד מהנושאים הבאים על ההצבעה שלך לכנסת? שחיתות | B11: v68 | C11: v68 | D11: v68 | F11: v68 | G11: v69 | H11: v65 | I11: v88 | J11: a97 | K11: a63 | Z11: v19 | AD11: d5 | AJ11: =COUNTA(B11:AH11) -> 11 | AL11: =COUNTA(F11:O11,R11:S11) -> 6
A12: באיזו מידה ישפיע או לא ישפיע כל אחד מהנושאים הבאים על ההצבעה שלך לכנסת? היחס לדמוקרטיה | B12: v69 | C12: v69 | D12: v69 | F12: v69 | G12: v70 | H12: v66 | AJ12: =COUNTA(B12:AH12) -> 6 | AL12: =COUNTA(F12:O12,R12:S12) -> 3
A13: באיזו מידה ישפיע או לא ישפיע כל אחד מהנושאים הבאים על ההצבעה שלך לכנסת? השיקול למנוע בחירות נוספות | B13: v504 | C13: v504 | D13: v504 | AJ13: =COUNTA(B13:AH13) -> 3 | AL13: =COUNTA(F13:O13,R13:S13) -> 0
A14: באיזו מידה ישפיע או לא ישפיע כל אחד מהנושאים הבאים על ההצבעה שלך לכנסת? האיום האיראני | H14: v64 | AJ14: =COUNTA(B14:AH14) -> 1 | AL14: =COUNTA(F14:O14,R14:S14) -> 1
A15: באיזו מידה ישפיע או לא ישפיע כל אחד מהנושאים הבאים על ההצבעה שלך לכנסת? ירושלים | I15: v82 | J15: a91 | K15: a57 | M15: i23 | N15: cc12 | AJ15: =COUNTA(B15:AH15) -> 5 | AL15: =COUNTA(F15:O15,R15:S15) -> 5
A16: באיזו מידה ישפיע או לא ישפיע כל אחד מהנושאים הבאים על ההצבעה שלך לכנסת? לבנון | M16: i28 | N16: cc17 | AJ16: =COUNTA(B16:AH16) -> 2 | AL16: =COUNTA(F16:O16,R16:S16) -> 2
A17: באיזו מידה ישפיע או לא ישפיע כל אחד מהנושאים הבאים על ההצבעה שלך לכנסת? משפט דרעי | M17: i31 | AJ17: =COUNTA(B17:AH17) -> 1 | AL17: =COUNTA(F17:O17,R17:S17) -> 1
A18: באיזו מידה ישפיע או לא ישפיע כל אחד מהנושאים הבאים על ההצבעה שלך לכנסת? רצח רבין | N18: cc16 | AJ18: =COUNTA(B18:AH18) -> 1 | AL18: =COUNTA(F18:O18,R18:S18) -> 1
A19: באיזו מידה ישפיע או לא ישפיע כל אחד מהנושאים הבאים על ההצבעה שלך לכנסת? משבר הקורונה | C19: v608 | AJ19: =COUNTA(B19:AH19) -> 1 | AL19: =COUNTA(F19:O19,R19:S19) -> 0
A20: מבין הנושאים הבאים מה הדבר שהכי שישפיע ביותר על ההצבעה שלך בבחירות הקרובות? | I20: v89 | J20: b6 | AJ20: =COUNTA(B20:AH20) -> 2 | AL20: =COUNTA(F20:O20,R20:S20) -> 2
A21: לו הבחירות לכנסת היו נערכות היום, עבור איזו רשימה היית מצביע? | B21: v104 | C21: v104 | D21: v104E | E21: c104 | F21: v104 | G21: v92 | H21: v101 | I21: v154 | J21: b73 | K21: b63 | L21: b14 | M21: c12 | N21: ccc23 | O21: i41 | P21: a63 | Q21: c17 | R21: g22 | S21: a41 | T21: b89 | U21: a142 | V21: v122 | W21: c16 | X21: b10 | Y21: a9 | Z21: v107 | AB21: g56 | AC21: f50 | AD21: e7 | AE21: b20 | AF21: b48 | AG21: b40 | AH21: b45 | AJ21: =COUNTA(B21:AH21) -> 32 | AL21: =COUNTA(F21:O21,R21:S21) -> 12
A22: (עבור מי שהשיב 'לא החליט', 'לא יודע', 'מסרב להשיב') האם הנטייה שלך היא להצביע למפלגת: | B22: v104a | AJ22: =COUNTA(B22:AH22) -> 1
A23: עבור איזו רשימה הצבעת בבחירות הקודמות לכנסת? | B23: v706 | C23: v610 | D23: v507 | F23: v108 | G23: v101 | H23: v102 | I23: v162 | J23: c40 | K23: b70 | L23: b21 | M23: c17 | N23: ccc37 | O23: i42 | P23: a64 | Q23: c18 | R23: g24 | S23: a45 | T23: b97 | U23: a140 | V23: v126 | W23: c14 | X23: b9 | Y23: a8 | Z23: v105 | AA23: h53 | AB23: g55 | AC23: f49 | AF23: c7 | AG23: b56 | AH23: b61 | AJ23: =COUNTA(B23:AH23) -> 30 | AL23: =COUNTA(F23:O23,R23:S23) -> 12
A24: חוק בחירה ישירה - לו הבחירות לראשות הממשלה היו נערכות היום, עבור מי היית מצביע? | L24: b16 | M24: c13 | N24: ccc28 | AJ24: =COUNTA(B24:AH24) -> 3 | AL24: =COUNTA(F24:O24,R24:S24) -> 3
A25: עבור מי הצבעת לראשות הממשלה בבחירות הקודמות? | K25: b68 | L25: b20 | M25: c16 | AJ25: =COUNTA(B25:AH25) -> 3 | AL25: =COUNTA(F25:O25,R25:S25) -> 3
A26: אם לסיבוב השני יעלו נתניהו וברק, עבור מי היית מצביע? | M26: c14 | AJ26: =COUNTA(B26:AH26) -> 1 | AL26: =COUNTA(F26:O26,R26:S26) -> 1
A27: עבור איזו רשימה הצבעת במערכת הבחירות הלפני אחרונה? (שתי מערכות אחורה) | D27: v508 | N27: ccc39 | T27: b98 | U27: a141 | V27: v127 | Z27: v106 | AJ27: =COUNTA(B27:AH27) -> 6 | AL27: =COUNTA(F27:O27,R27:S27) -> 1
A28: עבור איזו רשימה הצבעת במערכת הבחירות הלפני לפני אחרונה? (שלוש מערכות אחורה) | D28: v509 | T28: b99 | AJ28: =COUNTA(B28:AH28) -> 2 | AL28: =COUNTA(F28:O28,R28:S28) -> 0
A29: עבור מי הצבעת לראשות הממשלה ב-1999? | J29: c42 | K29: b69 | AJ29: =COUNTA(B29:AH29) -> 2 | AL29: =COUNTA(F29:O29,R29:S29) -> 2
A30: האם הצבעת בבחירות האחרונות לכנסת? | B30: F1 | C30: F1 | D30: E1_after | E30: D1 | F30: v1_after | G30: after_v1 | H30: a_v1 | I30: q1 | J30: d5 | AJ30: =COUNTA(B30:AH30) -> 9 | AL30: =COUNTA(F30:O30,R30:S30) -> 5
A31: עבור איזו רשימה הצבעת בבחירות האחרונות לכנסת? | B31: F2 | C31: F2 | D31: E2_after | E31: D2 | F31: v2_after | G31: after_v2 | H31: a_v2 | I31: q3 | J31: d6 | M31: d9 | W31: c15 | AA31: h54 | AJ31: =COUNTA(B31:AH31) -> 12 | AL31: =COUNTA(F31:O31,R31:S31) -> 6
A32: האם התלבטת עבור איזו מפלגה להצביע? | M32: d10 | AJ32: =COUNTA(B32:AH32) -> 1 | AL32: =COUNTA(F32:O32,R32:S32) -> 1
A33: בין מי למי התלבטת? | M33: d11 | S33: a44 | AJ33: =COUNTA(B33:AH33) -> 2 | AL33: =COUNTA(F33:O33,R33:S33) -> 2
A34: בין מי למי אתה מתלבט? | V34: v123 | X34: b11 | Y34: a10 | AJ34: =COUNTA(B34:AH34) -> 3 | AL34: =COUNTA(F34:O34,R34:S34) -> 0
A35: האם בגלל פרישתו של רבין וקבלת המועמדות לראשות הממשלה של פרס אתה מתלבט כיום יותר או פחות בעד איזו מפלגה להצביע? | Y35: a11 | AJ35: =COUNTA(B35:AH35) -> 1 | AL35: =COUNTA(F35:O35,R35:S35) -> 0
A36: עבור מי הצבעת לראשות הממשלה בבחירות האחרונות לכנסת? | M36: d3 | AJ36: =COUNTA(B36:AH36) -> 1 | AL36: =COUNTA(F36:O36,R36:S36) -> 1
A37: כאשר היו עדין חמישה מועמדים לראש הממשלה, עבור מי מהם חשבת להצביע? | M37: d4 | AJ37: =COUNTA(B37:AH37) -> 1 | AL37: =COUNTA(F37:O37,R37:S37) -> 1
A38: האם התלבטת למי מהם להצביע? | M38: d5 | AJ38: =COUNTA(B38:AH38) -> 1 | AL38: =COUNTA(F38:O38,R38:S38) -> 1
A39: בין מי למי התלבטת? | M39: d6 | AJ39: =COUNTA(B39:AH39) -> 1 | AL39: =COUNTA(F39:O39,R39:S39) -> 1
A40: אם סמוך לבחירות יתברר לך כי המועמד למועדף עליך לראשות הממשלה אין סיכוי לנצח, האם תשנה את הצבעתך? | M40: v59 | AJ40: =COUNTA(B40:AH40) -> 1 | AL40: =COUNTA(F40:O40,R40:S40) -> 1
A41: בבחירות האלה אחוז החסימה מאפשר רק למפלגה שתקבל ארבעה מנדטים לפחות להכנס לכנסת. אם הסקרים שיפורסמו קרוב לבחירות יראו שלא בטוח שהמפלגה עבורה אתה מתכוון להצביע תעבור את אחוז החסימה, האם זה יגרום לך לשנות את הצבעתך? | F41: v105 | G41: v95 | AJ41: =COUNTA(B41:AH41) -> 2 | AL41: =COUNTA(F41:O41,R41:S41) -> 2
A42: לאיזו מפלגה תעבור? | F42: v105E | G42: v97 | AJ42: =COUNTA(B42:AH42) -> 2 | AL42: =COUNTA(F42:O42,R42:S42) -> 2
A43: מדוע זה לא ישנה את הצבעתך? | G43: v96 | AJ43: =COUNTA(B43:AH43) -> 1 | AL43: =COUNTA(F43:O43,R43:S43) -> 1
A44: מתי קיבלת את החלטתך הסופית (להצביע עבור המפלגה שהצביע) | B44: F3 | C44: F3 | F44: v3_after | G44: after_v3 | H44: a_v3 | I44: q7 | J44: d11 | M44: d8 | AA44: h29 | AB44: g39 | AJ44: =COUNTA(B44:AH44) -> 10 | AL44: =COUNTA(F44:O44,R44:S44) -> 6
A45: מה בסופו של דבר הביא אותך להצביע כמו שהצבעת? | G45: after_v4a | AJ45: =COUNTA(B45:AH45) -> 1 | AL45: =COUNTA(F45:O45,R45:S45) -> 1
A46: מדוע החלטת לא להצביע בבחירות/לשים פתק לבן? | G46: after_v4b | I46: q2 | L46: b17 | N46: ccc29 | AJ46: =COUNTA(B46:AH46) -> 4 | AL46: =COUNTA(F46:O46,R46:S46) -> 4
A47: באיזו מידה הסקרים שהתפרסמו כמה ימים לפני הבחירות היוו גורם בהחלטה שלך כיצד להצביע? | B47: F5 | C47: F5 | F47: v5_after | G47: after_v6 | AA47: h51 | AJ47: =COUNTA(B47:AH47) -> 5 | AL47: =COUNTA(F47:O47,R47:S47) -> 2
A48: באיזו מידה אתה חושב שאנשים מושפעים בהחלטה עבור מי להצביע מסקרים אלו? | M48: c6 | N48: ccc7 | T48: b86 | AJ48: =COUNTA(B48:AH48) -> 3 | AL48: =COUNTA(F48:O48,R48:S48) -> 2
A49: באיזו מידה תשדירי הבחירות בטלוויזיה יעזרו לך להחליט עבור מי להצביע? | L49: b11 | M49: c8 | N49: ccc10 | O49: i49 | V49: v23 | AA49: h42 | AB49: g21 | AC49: f19 | AD49: c18 | AE49: v39 | AJ49: =COUNTA(B49:AH49) -> 10 | AL49: =COUNTA(F49:O49,R49:S49) -> 4
A50: באיזו מידה המודעות בעיתונים משפיעות על החלטתך עבור מי להצביע? | T50: b108 | Y50: a7 | AA50: h40 | AB50: g15 | AC50: f20 | AD50: c12 | AJ50: =COUNTA(B50:AH50) -> 6 | AL50: =COUNTA(F50:O50,R50:S50) -> 0
A51: באיזו מידה אתה חושב שהעיתונות תעזור לך או לא להחליט בעד מי להצביע? | V51: v22 | AE51: v38 | AJ51: =COUNTA(B51:AH51) -> 2 | AL51: =COUNTA(F51:O51,R51:S51) -> 0
A52: באיזו מידה אתה חושב שהשידורים ברדיו יעזרו לך או לא להחליט בעד מי להצביע? | V52: v21 | AA52: h41 | AB52: g18 | AD52: c15 | AE52: v37 | AJ52: =COUNTA(B52:AH52) -> 5 | AL52: =COUNTA(F52:O52,R52:S52) -> 0
A53: באיזו מידה שיחות עם אנשים אחרים עזרו לך להחליט בעד מי להצביע? | AA53: h43 | AJ53: =COUNTA(B53:AH53) -> 1 | AL53: =COUNTA(F53:O53,R53:S53) -> 0
A54: באיזו מידה אתה חושב שחוגי בית יעזרו לך להחליט בעד מי להצביע? | AC54: f21 | AD54: c24 | AJ54: =COUNTA(B54:AH54) -> 2 | AL54: =COUNTA(F54:O54,R54:S54) -> 0
A55: באיזו מידה אתה חושב שאסיפות יעזרו לך להחליט בעד מי להצביע? | AC55: f22 | AJ55: =COUNTA(B55:AH55) -> 1 | AL55: =COUNTA(F55:O55,R55:S55) -> 0
A56: יש אנשים שלא מצביעים בבחירות מסיבה כזו או אחרת. האם אתה מתכוון להצביע בבחירות לכנסת? | G56: v91 | H56: v100 | I56: v152 | AB56: g37 | AC56: f14 | AD56: d45 | AE56: b12 | AJ56: =COUNTA(B56:AH56) -> 7 | AL56: =COUNTA(F56:O56,R56:S56) -> 3
A57: מה הסיבה שאינך מתכוון ללכת להצביע בבחירות הקרובות לכנסת? | AC57: f16 | AJ57: =COUNTA(B57:AH57) -> 1 | AL57: =COUNTA(F57:O57,R57:S57) -> 0
A58: אם הסקרים שיפורסמו בימים האחרונים של מערכת הבחירות יראו שהליכוד והמחנה הציוני מקבלים פחות או יותר אותו מספר של מנדטים, האם זה יגרום לך לשנות את הצבעתך? | G58: v93 | AJ58: =COUNTA(B58:AH58) -> 1 | AL58: =COUNTA(F58:O58,R58:S58) -> 1
A59: לאיזו מפלגה תעבור? | G59: v94 | AJ59: =COUNTA(B59:AH59) -> 1 | AL59: =COUNTA(F59:O59,R59:S59) -> 1
A60: לאחרונה התפרסמו בתקשורת ידיעות רבות על חקירות בחשד לשחיתות של פוליטיקאים ועובדים בכירים במשרדי הממשלה וברשויות הממשלתיות. האם בעקבות ידיעות אלה שינית את החלטתך כיצד שלהצביע בבחירות? | G60: v98 | AJ60: =COUNTA(B60:AH60) -> 1 | AL60: =COUNTA(F60:O60,R60:S60) -> 1
A61: אם צומת וגשר היו רצות כמפלגות נפרדות ולא יחד עם הליכוד, עבור איזו רשימה היית מצביע? | N61: ccc27 | AJ61: =COUNTA(B61:AH61) -> 1 | AL61: =COUNTA(F61:O61,R61:S61) -> 1
A62: אם הליכוד וישראל ביתנו היו רצות בנפרד בבחירות הקודמות ב2013, עבור מי מהשניים היית מצביע? | G62: v102 | AJ62: =COUNTA(B62:AH62) -> 1 | AL62: =COUNTA(F62:O62,R62:S62) -> 1
A63: בהנחה שיש שני מועמדים מוכשרים ומתאימים באותה מידה לתפקיד פוליטי בכיר, האחד גבר והשנייה אישה, למי היית נוטה להצביע? | G63: v104 | H63: v104 | AJ63: =COUNTA(B63:AH63) -> 2 | AL63: =COUNTA(F63:O63,R63:S63) -> 2
A64: בהנחה שיש שני מועמדים מוכשרים ומתאימים באותה מידה לתפקיד פוליטי בכיר, האחד אשכנזי והשני מזרחי, למי הית נוטה להצביע? | G64: v105 | AJ64: =COUNTA(B64:AH64) -> 1 | AL64: =COUNTA(F64:O64,R64:S64) -> 1
A65: באיזו מידה משפיע או לא משפיע כל אחד מהנושאים הבאים על ההצבעה שלך: אם אישה עומדת בראש הרשימה | G65: v123 | AJ65: =COUNTA(B65:AH65) -> 1 | AL65: =COUNTA(F65:O65,R65:S65) -> 1
A66: באיזו מידה משפיע או לא משפיע כל אחד מהנושאים הבאים על ההצבעה שלך: אם מזרחי עומד בראש הרשימה | G66: v124 | AJ66: =COUNTA(B66:AH66) -> 1 | AL66: =COUNTA(F66:O66,R66:S66) -> 1
A67: באיזו מידה משפיע או לא משפיע כל אחד מהנושאים הבאים על ההצבעה שלך: מספר הנשים ברשימה לכנסת | G67: v125 | AJ67: =COUNTA(B67:AH67) -> 1 | AL67: =COUNTA(F67:O67,R67:S67) -> 1
A68: באיזו מידה משפיע או לא משפיע כל אחד מהנושאים הבאים על ההצבעה שלך: מספר המזרחים ברשימה לכנסת | G68: v126 | AJ68: =COUNTA(B68:AH68) -> 1 | AL68: =COUNTA(F68:O68,R68:S68) -> 1
A69: לו הבחירות לכנסת היו נערכות היום, עבור איזו רשימה, למיטב ידיעתך, היה בן/בת הזוג שלך מצביע? | H69: v131 | I69: v155 | Q69: c25 | R69: g35 | AJ69: =COUNTA(B69:AH69) -> 4 | AL69: =COUNTA(F69:O69,R69:S69) -> 3
A70: ומה לגבי בן/בת זוגך, אם יש לך, כיצד למיטב ידיעתך הוא/היא הצביע/ה? | H70: a_v4 | I70: q4 | M70: d14 | AJ70: =COUNTA(B70:AH70) -> 3 | AL70: =COUNTA(F70:O70,R70:S70) -> 3
A71: באיזו מידה לדעתך מערכת הבחירות תעזור לך להחליט בעד מי להצביע? | I71: v138 | V71: v20 | Z71: v98 | AA71: h39 | AB71: g5 | AE71: v36 | AJ71: =COUNTA(B71:AH71) -> 6 | AL71: =COUNTA(F71:O71,R71:S71) -> 1
A72: ומבין כל הסיבות האלה, מה היתה לדעתך הסיבה העיקרית להשתתפות הנמוכה בבחירות? | J72: d21 | AJ72: =COUNTA(B72:AH72) -> 1 | AL72: =COUNTA(F72:O72,R72:S72) -> 1
A73: כנראה שבבחירות הקרובות יצביעו פחות אנשים מבעבר. מהי לדעתך הסיבה העיקרית לכך? | I73: v153 | U73: a25 | AJ73: =COUNTA(B73:AH73) -> 2 | AL73: =COUNTA(F73:O73,R73:S73) -> 1
A74: בבחירות האחרונות השתתפו הרבה פחות בוחרים מבעבר. עד כמה לדעתך כל סיבה כזאת חשובה או לא חשובה לאלה שלא הלכו להצביע: אין הבדל בין המפלגות | J74: d15 | AJ74: =COUNTA(B74:AH74) -> 1 | AL74: =COUNTA(F74:O74,R74:S74) -> 1
A75: היה ברור מראש מי ינצח | J75: d16 | AJ75: =COUNTA(B75:AH75) -> 1 | AL75: =COUNTA(F75:O75,R75:S75) -> 1
A76: ממילא לא משנה עבור מי מצביעים כי זה לא משנה את המצב | J76: d17 | AJ76: =COUNTA(B76:AH76) -> 1 | AL76: =COUNTA(F76:O76,R76:S76) -> 1
A77: הפוליטיקה והפוליטיקאים נמאסו על הציבור | J77: d18 | AJ77: =COUNTA(B77:AH77) -> 1 | AL77: =COUNTA(F77:O77,R77:S77) -> 1
A78: הם הרגישו שלא היה להם במי לבחור | J78: d19 | AJ78: =COUNTA(B78:AH78) -> 1 | AL78: =COUNTA(F78:O78,R78:S78) -> 1
A79: לא אכפת להם, הם אדישים | J79: d20 | AJ79: =COUNTA(B79:AH79) -> 1 | AL79: =COUNTA(F79:O79,R79:S79) -> 1
A80: אילו היו שני פתקים בבחירות האלה, אחד לראש הממשלה ואחד לכנסת, עבור מי היית מצביע לראשות הממשלה? | I80: v156 | J80: c36 | K80: b65 | O80: i43 | AJ80: =COUNTA(B80:AH80) -> 4 | AL80: =COUNTA(F80:O80,R80:S80) -> 4
A81: אילו היו שני פתקים בבחירות האלה, אחד לראש הממשלה ואחד לכנסת, עבור מי היית מצביע לכנסת? | I81: v157 | J81: c38 | K81: b66 | O81: i44 | AJ81: =COUNTA(B81:AH81) -> 4 | AL81: =COUNTA(F81:O81,R81:S81) -> 4
A82: אילו הייתה השיטה הישנה, כלומר מצביעים רק בפתק אחד לכנסת, עבור איזו מפלגה היית מצביע? | N82: ccc33 | AJ82: =COUNTA(B82:AH82) -> 1 | AL82: =COUNTA(F82:O82,R82:S82) -> 1
A83: האם הצבעת בבחירות לרשויות המקומיות האחרונות? | I83: v163 | AJ83: =COUNTA(B83:AH83) -> 1 | AL83: =COUNTA(F83:O83,R83:S83) -> 1
A84: האם יצרו עמך קשר ממפלגה או מקבוצה כלשהי במהלך מערכת הבחירות בניסיון להשפיע על אופי הצבעתך? | I84: q9 | J84: d14 | AJ84: =COUNTA(B84:AH84) -> 2 | AL84: =COUNTA(F84:O84,R84:S84) -> 2
A85: אם ברק לא יתמודד לראשות הממשלה, והמתמודדים יהיו שרון ופרס, במי היית בוחר? | L85: b65 | AJ85: =COUNTA(B85:AH85) -> 1 | AL85: =COUNTA(F85:O85,R85:S85) -> 1
A86: באיזו מידה ישפיע או לא ישפיע כל אחד מהנושאים הבאים על ההצבעה שלך לראש הממשלה? כלכלה | L86: a59 | M86: v63 | N86: cc7 | AJ86: =COUNTA(B86:AH86) -> 3 | AL86: =COUNTA(F86:O86,R86:S86) -> 3
A87: באיזו מידה ישפיע או לא ישפיע כל אחד מהנושאים הבאים על ההצבעה שלך לראש הממשלה? מדיניות חברתית | L87: a60 | M87: v64 | AJ87: =COUNTA(B87:AH87) -> 2 | AL87: =COUNTA(F87:O87,R87:S87) -> 2
A88: באיזו מידה ישפיע או לא ישפיע כל אחד מהנושאים הבאים על ההצבעה שלך לראש הממשלה? דת ומדינה | L88: a61 | M88: v65 | AJ88: =COUNTA(B88:AH88) -> 2 | AL88: =COUNTA(F88:O88,R88:S88) -> 2
A89: באיזו מידה ישפיע או לא ישפיע כל אחד מהנושאים הבאים על ההצבעה שלך לראש הממשלה? שלום ושטחים | L89: a62 | M89: v67 | N89: cc8 | AJ89: =COUNTA(B89:AH89) -> 3 | AL89: =COUNTA(F89:O89,R89:S89) -> 3
A90: באיזו מידה ישפיע או לא ישפיע כל אחד מהנושאים הבאים על ההצבעה שלך לראש הממשלה? בטחון וטרור | L90: a63 | M90: v68 | N90: cc9 | AJ90: =COUNTA(B90:AH90) -> 3 | AL90: =COUNTA(F90:O90,R90:S90) -> 3
A91: באיזו מידה ישפיע או לא ישפיע כל אחד מהנושאים הבאים על ההצבעה שלך לראש הממשלה? ירושלים | L91: a58 | M91: v62 | N91: cc6 | AJ91: =COUNTA(B91:AH91) -> 3 | AL91: =COUNTA(F91:O91,R91:S91) -> 3
A92: באיזו מידה ישפיע או לא ישפיע כל אחד מהנושאים הבאים על ההצבעה שלך לראש הממשלה? לבנון | M92: v66 | N92: cc11 | AJ92: =COUNTA(B92:AH92) -> 2 | AL92: =COUNTA(F92:O92,R92:S92) -> 2
A93: באיזו מידה ישפיע או לא ישפיע כל אחד מהנושאים הבאים על ההצבעה שלך לראש הממשלה? רצח רבין | N93: cc10 | AJ93: =COUNTA(B93:AH93) -> 1 | AL93: =COUNTA(F93:O93,R93:S93) -> 1
A94: אילו יכולת להצביע בבחירות לכנסת עבור יותר ממפלגה אחת, ללא הגבלה, עבור אילו מפלגות היית מצביע? | N94: cccc6 | Q94: c20 | R94: g26 | T94: b90 | AJ94: =COUNTA(B94:AH94) -> 4 | AL94: =COUNTA(F94:O94,R94:S94) -> 2
A95: לו יכלת להצביע עבור עוד שתי רשימות, מלבד לזו שאמרת, לאילו שתי רשימות היית מצביע: הראשונה | AG95: b59 | AH95: b64 | AJ95: =COUNTA(B95:AH95) -> 2 | AL95: =COUNTA(F95:O95,R95:S95) -> 0
A96: לו יכלת להצביע עבור עוד שתי רשימות, מלבד לזו שאמרת, לאילו שתי רשימות היית מצביע: השנייה | AG96: b60 | AH96: b65 | AJ96: =COUNTA(B96:AH96) -> 2 | AL96: =COUNTA(F96:O96,R96:S96) -> 0
A97: הגורמים הבאים משפיע או לא משפיע על החלטתך עבור מי להצביע? העמדת יצחק שמיר בראש הליכוד | O97: a122 | AJ97: =COUNTA(B97:AH97) -> 1 | AL97: =COUNTA(F97:O97,R97:S97) -> 1
A98: הגורמים הבאים משפיע או לא משפיע על החלטתך עבור מי להצביע? הפריימריז בעבודה | O98: a123 | AJ98: =COUNTA(B98:AH98) -> 1 | AL98: =COUNTA(F98:O98,R98:S98) -> 1
A99: הגורמים הבאים משפיע או לא משפיע על החלטתך עבור מי להצביע? הרכב רשימת העבודה | O99: a124 | AJ99: =COUNTA(B99:AH99) -> 1 | AL99: =COUNTA(F99:O99,R99:S99) -> 1
A100: הגורמים הבאים משפיע או לא משפיע על החלטתך עבור מי להצביע? הרכב רשימת הליכוד | O100: a125 | AJ100: =COUNTA(B100:AH100) -> 1 | AL100: =COUNTA(F100:O100,R100:S100) -> 1
...

Sheet ציפיות
A1: שאלה | B1: 2022 | C1: 2021 | D1: 2020 | E1: 43709 | F1: 43556 | G1: 2015 | H1: 2013 | I1: 2009 | J1: 2006 | K1: 2003 | L1: 2001 | M1: 1999 | N1: 1996 | O1: 1992 | P1: 1987* | Q1: 1988* | R1: 1988 | S1: 1984 | T1: 1981 - 3 | U1: 1981 - 2 | V1: 1981 - 1 | W1: 1977 - 4 | X1: 1977 - 3 | Y1: 1977 - 2 | Z1: 1977 - 1 | AA1: 1973 - 5 | AB1: 1973 - 4 | AC1: 1973 - 3 | AD1: 1973 - 2 | AE1: 1973 - 1 | AF1: 1969 - 3 | AG1: 1969 - 2 | AH1: 1969 - 1 | AJ1: מספר חזרות | AL1: ספירה 84-19 | AN1: סה"כ מעל שתי חזרות
A2: מי לדעתך ינצח? | L2: b19 | M2: c15 | N2: ccc35 | AJ2: =COUNTA(C2:AH2) -> 3 | AL2: =COUNTA(F2:O2,R2:S2) -> 3 | AN2: =COUNTIF(AL2:AL72,">=2") -> 15
A3: מי לדעתך יעלה לסיבוב השני? | M3: v60 | AJ3: =COUNTA(C3:AH3) -> 1 | AL3: =COUNTA(F3:O3,R3:S3) -> 1
A4: לדעתך, מה הסיכוי שציפי לבני תהיה ראש ממשלה לאחר הבחירות? | I4: v158 | AJ4: =COUNTA(C4:AH4) -> 1 | AL4: =COUNTA(F4:O4,R4:S4) -> 1
A5: לדעתך, מה הסיכוי שבנימין נתניהו תהיה ראש ממשלה לאחר הבחירות? | I5: v159 | AJ5: =COUNTA(C5:AH5) -> 1 | AL5: =COUNTA(F5:O5,R5:S5) -> 1
A6: לדעתך, מה הסיכוי שאהוד ברק תהיה ראש ממשלה לאחר הבחירות? | I6: v160 | AJ6: =COUNTA(C6:AH6) -> 1 | AL6: =COUNTA(F6:O6,R6:S6) -> 1
A7: איזו מפלגה למיטב הערכתך תהיה המפלגה הגדולה ביותר בכנסת הבאה? | N7: ccc36 | O7: i39 | Q7: c16 | R7: g20 | AJ7: =COUNTA(C7:AH7) -> 4 | AL7: =COUNTA(F7:O7,R7:S7) -> 3
A8: איזו מפלגה היית רוצה שתקים את ההממשלה הבאה? | O8: i40 | Q8: c15 | R8: g18 | V8: v120 | X8: b7 | Z8: v102 | AJ8: =COUNTA(C8:AH8) -> 6 | AL8: =COUNTA(F8:O8,R8:S8) -> 2
A9: איזו משתי הרשימות הגדולות היית רוצה שתקים את הממשלה הבאה - המערך או הליכוד? | T9: b106 | AJ9: =COUNTA(C9:AH9) -> 1 | AL9: =COUNTA(F9:O9,R9:S9) -> 0
A10: איזו מפלגה אתה מעריך שתקים את הממשלה לאחר הבחירות? | T10: b104 | U10: a115 | V10: v121 | X10: b6 | Z10: v101 | AJ10: =COUNTA(C10:AH10) -> 5 | AL10: =COUNTA(F10:O10,R10:S10) -> 0
A11: לדעתך, מה הסיכוי שהמפלגה הבאה תהיה בקואליציה: קדימה | J11: b75 | AJ11: =COUNTA(C11:AH11) -> 1 | AL11: =COUNTA(F11:O11,R11:S11) -> 1
A12: לדעתך, מה הסיכוי שהמפלגה הבאה תהיה בקואליציה: העובדה | J12: b78 | K12: b10 | AJ12: =COUNTA(C12:AH12) -> 2 | AL12: =COUNTA(F12:O12,R12:S12) -> 2
A13: לדעתך, מה הסיכוי שהמפלגה הבאה תהיה בקואליציה: הליכוד | J13: b81 | K13: b7 | AJ13: =COUNTA(C13:AH13) -> 2 | AL13: =COUNTA(F13:O13,R13:S13) -> 2
A14: לדעתך, מה הסיכוי שהמפלגה הבאה תהיה בקואליציה: מרצ | K14: b13 | AJ14: =COUNTA(C14:AH14) -> 1 | AL14: =COUNTA(F14:O14,R14:S14) -> 1
A15: לדעתך, מה הסיכוי שהמפלגה הבאה תהיה בקואליציה: מפד"ל | K15: b16 | AJ15: =COUNTA(C15:AH15) -> 1 | AL15: =COUNTA(F15:O15,R15:S15) -> 1
A16: לדעתך, מה הסיכוי שהמפלגה הבאה תהיה בקואליציה: שינוי | K16: b19 | AJ16: =COUNTA(C16:AH16) -> 1 | AL16: =COUNTA(F16:O16,R16:S16) -> 1
A17: לדעתך, מה הסיכוי שהמפלגה הבאה תהיה בקואליציה: איחוד לאומי | K17: b22 | AJ17: =COUNTA(C17:AH17) -> 1 | AL17: =COUNTA(F17:O17,R17:S17) -> 1
A18: לדעתך, מה הסיכוי שהמפלגה הבאה תהיה בקואליציה: ש"ס | K18: b25 | AJ18: =COUNTA(C18:AH18) -> 1 | AL18: =COUNTA(F18:O18,R18:S18) -> 1
A19: לדעתך, מה הסיכוי שהמפלגה הבאה תהיה בקואליציה: ישראל בעליה | K19: b28 | AJ19: =COUNTA(C19:AH19) -> 1 | AL19: =COUNTA(F19:O19,R19:S19) -> 1
A20: לדעתך, מה הסיכוי שהמפלגה הבאה תהיה בקואליציה: המפלגה שאתה מצביע | J20: b84 | AJ20: =COUNTA(C20:AH20) -> 1 | AL20: =COUNTA(F20:O20,R20:S20) -> 1
A21: לדעתך, כמה חברי כנסת יהיו למפלגה הבאה: קדימה | J21: b87 | AJ21: =COUNTA(C21:AH21) -> 1 | AL21: =COUNTA(F21:O21,R21:S21) -> 1
A22: לדעתך, כמה חברי כנסת יהיו למפלגה הבאה: העבודה | J22: b89 | K22: b33 | AJ22: =COUNTA(C22:AH22) -> 2 | AL22: =COUNTA(F22:O22,R22:S22) -> 2
A23: לדעתך, כמה חברי כנסת יהיו למפלגה הבאה: הליכוד | J23: b91 | K23: b31 | AJ23: =COUNTA(C23:AH23) -> 2 | AL23: =COUNTA(F23:O23,R23:S23) -> 2
A24: לדעתך, כמה חברי כנסת יהיו למפלגה הבאה: מרצ | K24: b35 | AJ24: =COUNTA(C24:AH24) -> 1 | AL24: =COUNTA(F24:O24,R24:S24) -> 1
A25: לדעתך, כמה חברי כנסת יהיו למפלגה הבאה: מפד"ל | K25: b37 | AJ25: =COUNTA(C25:AH25) -> 1 | AL25: =COUNTA(F25:O25,R25:S25) -> 1
A26: לדעתך, כמה חברי כנסת יהיו למפלגה הבאה: שינוי | K26: b39 | AJ26: =COUNTA(C26:AH26) -> 1 | AL26: =COUNTA(F26:O26,R26:S26) -> 1
A27: לדעתך, כמה חברי כנסת יהיו למפלגה הבאה: איחוד לאומי | K27: b41 | AJ27: =COUNTA(C27:AH27) -> 1 | AL27: =COUNTA(F27:O27,R27:S27) -> 1
A28: לדעתך, כמה חברי כנסת יהיו למפלגה הבאה: ש"ס | K28: b43 | AJ28: =COUNTA(C28:AH28) -> 1 | AL28: =COUNTA(F28:O28,R28:S28) -> 1
A29: לדעתך, כמה חברי כנסת יהיו למפלגה הבאה: ישראל בעליה | K29: b45 | AJ29: =COUNTA(C29:AH29) -> 1 | AL29: =COUNTA(F29:O29,R29:S29) -> 1
A30: לדעתך, כמה חברי כנסת יהיו למפלגה הבאה: המפלגה שאתה מתכוון להצביע לה | J30: b93 | AJ30: =COUNTA(C30:AH30) -> 1 | AL30: =COUNTA(F30:O30,R30:S30) -> 1
A31: הסיכויים לקואליציות שונות לאחר הבחירות: קדימה-עבודה | J31: c6 | AJ31: =COUNTA(C31:AH31) -> 1 | AL31: =COUNTA(F31:O31,R31:S31) -> 1
A32: הסיכויים לקואליציות שונות לאחר הבחירות: קדימה-ליכוד | J32: c9 | AJ32: =COUNTA(C32:AH32) -> 1 | AL32: =COUNTA(F32:O32,R32:S32) -> 1
A33: הסיכויים לקואליציות שונות לאחר הבחירות: קדימה-ליכוד-מפלגות חרדיות | J33: c12 | AJ33: =COUNTA(C33:AH33) -> 1 | AL33: =COUNTA(F33:O33,R33:S33) -> 1
A34: הסיכויים לקואליציות שונות לאחר הבחירות: קדימה-עבודה-מפלגות חרדיות | J34: c15 | AJ34: =COUNTA(C34:AH34) -> 1 | AL34: =COUNTA(F34:O34,R34:S34) -> 1
A35: הסיכויים לקואליציות שונות לאחר הבחירות: קדימה-ליכוד-מפלגות ימין | J35: c18 | AJ35: =COUNTA(C35:AH35) -> 1 | AL35: =COUNTA(F35:O35,R35:S35) -> 1
A36: הסיכויים לקואליציות שונות לאחר הבחירות: קדימה-עבודה-מרצ | J36: c21 | AJ36: =COUNTA(C36:AH36) -> 1 | AL36: =COUNTA(F36:O36,R36:S36) -> 1
A37: הסיכויים לקואליציות שונות לאחר הבחירות: קדימה-עבודה-ליכוד-מפלגות ימין-מפלגות חרדיות (אחדות לאומית) | J37: c24 | K37: b56 | AJ37: =COUNTA(C37:AH37) -> 2 | AL37: =COUNTA(F37:O37,R37:S37) -> 2
A38: הסיכויים לקואליציות שונות לאחר הבחירות: ליכוד-ימין-דתיים | K38: b47 | AJ38: =COUNTA(C38:AH38) -> 1 | AL38: =COUNTA(F38:O38,R38:S38) -> 1
A39: הסיכויים לקואליציות שונות לאחר הבחירות: ליכוד-עבודה-שינוי (בלי חרדים) | K39: b50 | AJ39: =COUNTA(C39:AH39) -> 1 | AL39: =COUNTA(F39:O39,R39:S39) -> 1
A40: הסיכויים לקואליציות שונות לאחר הבחירות: עבודה-מרצ-ערבים | K40: b53 | AJ40: =COUNTA(C40:AH40) -> 1 | AL40: =COUNTA(F40:O40,R40:S40) -> 1
A41: מה מידת התמיכה שלך בכל אחת מן הקואליציות הבאות: קדימה-עבודה | J41: c27 | AJ41: =COUNTA(C41:AH41) -> 1 | AL41: =COUNTA(F41:O41,R41:S41) -> 1
A42: מה מידת התמיכה שלך בכל אחת מן הקואליציות הבאות: קדימה-ליכוד | J42: c28 | AJ42: =COUNTA(C42:AH42) -> 1 | AL42: =COUNTA(F42:O42,R42:S42) -> 1
A43: מה מידת התמיכה שלך בכל אחת מן הקואליציות הבאות: קדימה-ליכוד-מפלגות חרדיות | J43: c29 | AJ43: =COUNTA(C43:AH43) -> 1 | AL43: =COUNTA(F43:O43,R43:S43) -> 1
A44: מה מידת התמיכה שלך בכל אחת מן הקואליציות הבאות: קדימה-עבודה-מפלגות חרדיות | J44: c30 | AJ44: =COUNTA(C44:AH44) -> 1 | AL44: =COUNTA(F44:O44,R44:S44) -> 1
A45: מה מידת התמיכה שלך בכל אחת מן הקואליציות הבאות: קדימה-ליכוד-מפלגות ימין | J45: c32 | AJ45: =COUNTA(C45:AH45) -> 1 | AL45: =COUNTA(F45:O45,R45:S45) -> 1
A46: מה מידת התמיכה שלך בכל אחת מן הקואליציות הבאות: קדימה-עבודה-מרצ | J46: c32 | AJ46: =COUNTA(C46:AH46) -> 1 | AL46: =COUNTA(F46:O46,R46:S46) -> 1
A47: מה מידת התמיכה שלך בכל אחת מן הקואליציות הבאות: קדימה-עבודה-ליכוד-מפלגות ימין-מפלגות חרדיות (אחדות לאומית) | J47: c33 | K47: b62 | AJ47: =COUNTA(C47:AH47) -> 2 | AL47: =COUNTA(F47:O47,R47:S47) -> 2
A48: מה מידת התמיכה שלך בכל אחת מן הקואליציות הבאות: ליכוד-ימין-דתיים | K48: b59 | AJ48: =COUNTA(C48:AH48) -> 1 | AL48: =COUNTA(F48:O48,R48:S48) -> 1
A49: מה מידת התמיכה שלך בכל אחת מן הקואליציות הבאות: ליכוד-עבודה-שינוי | K49: b60 | AJ49: =COUNTA(C49:AH49) -> 1 | AL49: =COUNTA(F49:O49,R49:S49) -> 1
A50: מה מידת התמיכה שלך בכל אחת מן הקואליציות הבאות: עבודה-מרצ-ערבים | K50: b61 | AJ50: =COUNTA(C50:AH50) -> 1 | AL50: =COUNTA(F50:O50,R50:S50) -> 1
A51: בסיכומו של דבר, מבין הקואליציות האלה, איזו קואליציה אתה מעדיף? | J51: c34 | X51: b8 | AJ51: =COUNTA(C51:AH51) -> 2 | AL51: =COUNTA(F51:O51,R51:S51) -> 1
A52: האם היית רוצה שאחרי הבחירות תקום ממשלת אחדות לאומית? | M52: c9 | N52: ccc15 | O52: a59 | Q52: b70 | R52: f73 | AB52: g49 | AJ52: =COUNTA(B52:AH52) -> 6 | AL52: =COUNTA(F52:O52,R52:S52) -> 4
A53: האם יש להקים היום ממשלת אחדות לאומית? | AC53: f9 | AJ53: =COUNTA(B53:AH53) -> 1 | AL53: =COUNTA(F53:O53,R53:S53) -> 0
A54: לדעתך, האם אחרי הבחירות הממשלה תתבסס על: | B54: v106 | C54: v106 | D54: v106 | E54: c106 | F54: v106 | G54: v99 | AJ54: =COUNTA(B54:AH54) -> 6 | AL54: =COUNTA(F54:O54,R54:S54) -> 2
A55: ואיזו ממשלה מבין הבאות אתה מעדיף? | B55: v107 | C55: v107 | D55: v107 | E55: c107 | F55: v107 | G55: v100 | AJ55: =COUNTA(B55:AH55) -> 6 | AL55: =COUNTA(F55:O55,R55:S55) -> 2
A56: באיזו מידה ביום הבחירות היה חשוב לך באופן אישי אם הממשלה הבאה תהיה ממשלת ימין או ממשלת שמאל? | C56: F4 | D56: E4_after | E56: D4 | F56: v4_after | G56: after_v5 | AJ56: =COUNTA(B56:AH56) -> 5 | AL56: =COUNTA(F56:O56,R56:S56) -> 2
A57: ועתה, לאחר תוצאות הבחירות - איזו קואליציה אתה הכי מעדיף? | B57: F9 | C57: F9 | D57: E9_after | E57: D9 | F57: v9_after | G57: after_v9 | H57: a_v16 | I57: q5 | J57: d8 | AJ57: =COUNTA(B57:AH57) -> 9 | AL57: =COUNTA(F57:O57,R57:S57) -> 5
A58: באופן כללי, האם אתה מרוצה או לא מרוצה מתוצאות הבחירות? | I58: q6 | J58: d10 | W58: c11 | AJ58: =COUNTA(B58:AH58) -> 3 | AL58: =COUNTA(F58:O58,R58:S58) -> 2
A59: מבין שתי האפשרויות הבאות, מה אתה מעדיף? | C59: N2 | AJ59: =COUNTA(B59:AH59) -> 1 | AL59: =COUNTA(F59:O59,R59:S59) -> 0
A60: באיזו מידה אכפת לך באופן אישי מי יהיה ראש הממשלה לאחר הבחירות? | I60: v161 | AJ60: =COUNTA(B60:AH60) -> 1 | AL60: =COUNTA(F60:O60,R60:S60) -> 1
A61: האם בגלל ההתקוממות בשטחים (האינתיפאדה) השתנו או לא השתנו לגביך כל אחד מן הדברים הבאים: הערכתך לגבי תוצאות הבחירות? | Q61: b49 | R61: f51 | AJ61: =COUNTA(B61:AH61) -> 2 | AL61: =COUNTA(F61:O61,R61:S61) -> 1
A62: את מי מבין האישים הבאים היית רוצה לראות כראש ממשלה לאחר הבחירות לכנסת? | T62: b100 | U62: a120 | V62: v104 | W62: c10 | X62: b5 | Z62: v99 | AJ62: =COUNTA(B62:AH62) -> 6 | AL62: =COUNTA(F62:O62,R62:S62) -> 0
A63: את מי היית רוצה לראות כשר הבטחון לאחר הבחירות לכנסת? | T63: b101 | U63: a121 | AJ63: =COUNTA(B63:AH63) -> 2 | AL63: =COUNTA(F63:O63,R63:S63) -> 0
A64: את מי היית רוצה לראות כשר האוצר לאחר הבחירות לכנסת? | T64: b102 | U64: a122 | AJ64: =COUNTA(B64:AH64) -> 2 | AL64: =COUNTA(F64:O64,R64:S64) -> 0
A65: את מי היית רוצה לראות כשר החוץ לאחר הבחירות לכנסת? | T65: b103 | U65: a123 | AJ65: =COUNTA(B65:AH65) -> 2 | AL65: =COUNTA(F65:O65,R65:S65) -> 0
A66: באיזו מידה אתה רוצה או לא רוצה לראות את המפד"ל בממשלה הבאה? | T66: b105 | U66: a117 | V66: v108 | AJ66: =COUNTA(B66:AH66) -> 3 | AL66: =COUNTA(F66:O66,R66:S66) -> 0
A67: מי לדעתך המתחרה הרציני ביותר של המערך בבחירות לכנסת? | U67: a116 | V67: v112 | Z67: v95 | AJ67: =COUNTA(B67:AH67) -> 3 | AL67: =COUNTA(F67:O67,R67:S67) -> 0
A68: אם ההרכב הקואליציוני של הממשלה יהיה דומה לזה של הממשלה היוצאת, האם צריך לחול שינוי בהרכב האישי של חברי הממשלה מטעם המערך? | AA68: h38 | AJ68: =COUNTA(B68:AH68) -> 1 | AL68: =COUNTA(F68:O68,R68:S68) -> 0
A69: האם לדעתך מלחמת יום כיפור שינתה את סיכויי המערך בבחירות לכנסת לעומת אלו שהיו לפני המלחמה? | AC69: f35 | AJ69: =COUNTA(B69:AH69) -> 1 | AL69: =COUNTA(F69:O69,R69:S69) -> 0
A70: האם לדעתך מלחמת יום כיפור שינתה את סיכויי הליכוד בבחירות לכנסת לעומת אלו שהיו לפני המלחמה? | AC70: f36 | AJ70: =COUNTA(B70:AH70) -> 1 | AL70: =COUNTA(F70:O70,R70:S70) -> 0
A71: האם לדעתך מלחמת יום כיפור שינתה את סיכויי הרשימות הבאות: מוקד, מר"י, העולם הזה, שולמית אלוני, הפנתרים השחורים; לעומת אלו שהיו לפני המלחמה? | AC71: f37 | AJ71: =COUNTA(B71:AH71) -> 1 | AL71: =COUNTA(F71:O71,R71:S71) -> 0
A72: מה לדעתך סיכויי הרשימה עבורה תצביע להיות בעלת השפעה ומשקל בכנסת הבאה? | AF72: b53 | AG72: b47 | AH72: b53 | AJ72: =COUNTA(B72:AH72) -> 3 | AL72: =COUNTA(F72:O72,R72:S72) -> 0

Sheet סוגיות
A1: שאלה | B1: 2022 | C1: 2021 | D1: 2020 | E1: 43709 | F1: 43556 | G1: 2015 | H1: 2013 | I1: 2009 | J1: 2006 | K1: 2003 | L1: 2001 | M1: 1999 | N1: 1996 | O1: 1992 | P1: 1987* | Q1: 1988* | R1: 1988 | S1: 1984 | T1: 1981 - 3 | U1: 1981 - 2 | V1: 1981 - 1 | W1: 1977 - 4 | X1: 1977 - 3 | Y1: 1977 - 2 | Z1: 1977 - 1 | AA1: 1973 - 5 | AB1: 1973 - 4 | AC1: 1973 - 3 | AD1: 1973 - 2 | AE1: 1973 - 1 | AF1: 1969 - 3 | AG1: 1969 - 2 | AH1: 1969 - 1 | AJ1: מספר חזרות | AL1: ספירה 84-19 | AN1: סה"כ מעל שתי חזרות
A2: בסה"כ לדעתך, על מה היו הבחירות האחרונות בעיקר? | B2: F7 | C2: F7 | D2: E7_after | E2: D7 | F2: v7_after | G2: after_v8 | H2: a_v15 | I2: q20 | J2: d28 | M2: d21 | AJ2: =COUNTA(B2:AH2) -> 10 | AL2: =COUNTA(F2:O2,R2:S2) -> 6 | AN2: =COUNTIF(AL2:AL70,">=2") -> 13
A3: יש כל מיני דעות "על מה" היו הבחירות האחרונות. באיזו מידה אתה מסכים או לא מסכים עם כל אחד מהמשפטים הבאים: הבחירות האלה היו משאל עם על נתניהו | F3: v6A_after | G3: after_v7a | H3: a_v5A | M3: d17 | AJ3: =COUNTA(B3:AH3) -> 4 | AL3: =COUNTA(F3:O3,R3:S3) -> 4
A4: הבחירות מצביעות על חוסר אמון בנתניהו | H4: 1_v5B | AJ4: =COUNTA(B4:AH4) -> 1 | AL4: =COUNTA(F4:O4,R4:S4) -> 1
A5: הבחירות האלה היו בעיקר על עתיד הדמוקרטיה בישראל | F5: v6B_after | AJ5: =COUNTA(B5:AH5) -> 1 | AL5: =COUNTA(F5:O5,R5:S5) -> 1
A6: הבחירות מצביעות בעיקר על כך שלעם נמאס שהתקשורת נגד נתניהו | F6: v6C_after | G6: after_v7d | AJ6: =COUNTA(B6:AH6) -> 2 | AL6: =COUNTA(F6:O6,R6:S6) -> 2
A7: הבחירות היו בעיקר על איך להתמודד עם האיומים הביטחוניים שמסביבנו | F7: v6D_after | G7: after_v7f | H7: a_v12 | I7: q15 | J7: d26 | AJ7: =COUNTA(B7:AH7) -> 5 | AL7: =COUNTA(F7:O7,R7:S7) -> 5
A8: הבחירות הראו שהעם מרוצה מהמצב הכלכלי-חברתי | F8: v6E_after | AJ8: =COUNTA(B8:AH8) -> 1 | AL8: =COUNTA(F8:O8,R8:S8) -> 1
A9: הבחירות היו על מקומם של האזרחים הערבים בישראל לאור חוק הלאום | F9: v6F_after | AJ9: =COUNTA(B9:AH9) -> 1 | AL9: =COUNTA(F9:O9,R9:S9) -> 1
A10: הבחירות מצביעות על כך שהעם רוצה מפלגות גדולות | F10: v6G_after | G10: after_v7j | AJ10: =COUNTA(B10:AH10) -> 2 | AL10: =COUNTA(F10:O10,R10:S10) -> 2
A11: הבחירות מצביעות על כך שהעם רוצה ימין | F11: v6H_after | G11: after_v7k | H11: a_v7A | I11: q10 | AJ11: =COUNTA(B11:AH11) -> 4 | AL11: =COUNTA(F11:O11,R11:S11) -> 4
A12: הבחירות מצביעות על כך שהעם רוצה מרכז | H12: a_v7B | AJ12: =COUNTA(B12:AH12) -> 1 | AL12: =COUNTA(F12:O12,R12:S12) -> 1
A13: הבחירות היו בעיקר על פרשות השחיתות | F13: v6I_after | J13: d25 | AJ13: =COUNTA(B13:AH13) -> 2 | AL13: =COUNTA(F13:O13,R13:S13) -> 2
A14: הבחירות מצביעות על כך שהעם רוצה מדיניות כלכלית שתהיה חברתית יותר | G14: after_v7b | AJ14: =COUNTA(B14:AH14) -> 1 | AL14: =COUNTA(F14:O14,R14:S14) -> 1
A15: הבחירות מצביעות על כך שהעם לא רוצה שכסף ממדיניות זרות יקבע את תוצאות הבחירות | G15: after_v7c | AJ15: =COUNTA(B15:AH15) -> 1 | AL15: =COUNTA(F15:O15,R15:S15) -> 1
A16: הבחירות היו בעיקר על הנושאים המדיניים - המו"מ עם הפלסטינים והמדינה הפלסטינית | G16: after_v7e | H16: a_v9 | I16: q13 | AJ16: =COUNTA(B16:AH16) -> 3 | AL16: =COUNTA(F16:O16,R16:S16) -> 3
A17: הבחירות היו בעיקר על הגרעין האיראני | G17: after_v7g | H17: a_v11 | AJ17: =COUNTA(B17:AH17) -> 2 | AL17: =COUNTA(F17:O17,R17:S17) -> 2
A18: הבחירות היו בעיקר על יוקר המחייה ובעיות הדיור | G18: after_v7h | H18: a_v13 | AJ18: =COUNTA(B18:AH18) -> 2 | AL18: =COUNTA(F18:O18,R18:S18) -> 2
A19: הבחירות מצביעות על כך שהעם התגייס כדי שערבים לא יקבעו את תוצאות הבחירות | G19: after_v7i | AJ19: =COUNTA(B19:AH19) -> 1 | AL19: =COUNTA(F19:O19,R19:S19) -> 1
A20: הבחירות מצביעות על כך שהעם רוצה פוליטיקה אחרת ומנהיגים חדשים | H20: a_v6 | AJ20: =COUNTA(B20:AH20) -> 1 | AL20: =COUNTA(F20:O20,R20:S20) -> 1
A21: הבחירות מצביעות על כך שהעם רוצה מתונים ולא קיצונים | H21: a_v8 | AJ21: =COUNTA(B21:AH21) -> 1 | AL21: =COUNTA(F21:O21,R21:S21) -> 1
A22: הבחירות היו בעיקר על המדיניות הכלכלית והתקציב המתאימים לישראל בימים אלה | H22: a_v10 | AJ22: =COUNTA(B22:AH22) -> 1 | AL22: =COUNTA(F22:O22,R22:S22) -> 1
A23: הבחירות היו בעיקר על חלוקת הנטל ושרות צבאי או לאומי לכל | H23: a_v14 | AJ23: =COUNTA(B23:AH23) -> 1 | AL23: =COUNTA(F23:O23,R23:S23) -> 1
A24: הבחירות היו על מי מתאים להנהיג את ישראל בתקופה זו | I24: q11 | AJ24: =COUNTA(B24:AH24) -> 1 | AL24: =COUNTA(F24:O24,R24:S24) -> 1
A25: הבחירות מצביעות על כך שהציבור רוצה מועמד נקי כפיים | I25: q12 | AJ25: =COUNTA(B25:AH25) -> 1 | AL25: =COUNTA(F25:O25,R25:S25) -> 1
A26: הבחירות היו בעיקר על איזו תוכנית כלכלית תוציא את המדינה מהבוץ | I26: q14 | AJ26: =COUNTA(B26:AH26) -> 1 | AL26: =COUNTA(F26:O26,R26:S26) -> 1
A27: הבחירות היו בעיקר על יחסי יהודים-ערבים בתוך ישראל והקשר בין אזרחות לנאמנות | I27: q17 | AJ27: =COUNTA(B27:AH27) -> 1 | AL27: =COUNTA(F27:O27,R27:S27) -> 1
A28: הבחירות מצביעות על כך ש"קדימה" היא לא תופעה חולפת | I28: q16 | AJ28: =COUNTA(B28:AH28) -> 1 | AL28: =COUNTA(F28:O28,R28:S28) -> 1
A29: הבחירות מצביעות על כך שהציבור חושב שאישה מתאימה להיות ראש ממשלה | I29: q18 | AJ29: =COUNTA(B29:AH29) -> 1 | AL29: =COUNTA(F29:O29,R29:S29) -> 1
A30: הבחירות היו על המצב הכלכלי והפערים במדינה | J30: d23 | AJ30: =COUNTA(B30:AH30) -> 1 | AL30: =COUNTA(F30:O30,R30:S30) -> 1
A31: הבחירות היו על תכנית ההתנקות ועתיד ההתנחלויות | J31: d24 | AJ31: =COUNTA(B31:AH31) -> 1 | AL31: =COUNTA(F31:O31,R31:S31) -> 1
A32: הבחירות היו בעיקר מחאה נגד הממסד | J32: d27 | AJ32: =COUNTA(B32:AH32) -> 1 | AL32: =COUNTA(F32:O32,R32:S32) -> 1
A33: הבחירות מלמדות שחייבים לשנות את השיטה הנוכחית לשיטה שתביא לממשלה יציבה ל-4 שנים | I33: q19 | AJ33: =COUNTA(B33:AH33) -> 1 | AL33: =COUNTA(F33:O33,R33:S33) -> 1
A34: הבחירות היו בעיקר על היחסים בין דתיים וחילונים במדינה | M34: d15 | AJ34: =COUNTA(B34:AH34) -> 1 | AL34: =COUNTA(F34:O34,R34:S34) -> 1
A35: הנצחון של ברק מראה שהציבור חושב שהוא ישמור יותר טוב על שלטון החוק במדינה | M35: d16 | AJ35: =COUNTA(B35:AH35) -> 1 | AL35: =COUNTA(F35:O35,R35:S35) -> 1
A36: הבחירות היו בעיקר על מי ינהל טוב יותר את המו"מ עם הפלסטינים על ירושלים ועל הסדר קבע | M36: d18 | AJ36: =COUNTA(B36:AH36) -> 1 | AL36: =COUNTA(F36:O36,R36:S36) -> 1
A37: נתניהו הפסיד בעיקר בגלל האבטלה והמצב הכלכלי | M37: d19 | AJ37: =COUNTA(B37:AH37) -> 1 | AL37: =COUNTA(F37:O37,R37:S37) -> 1
